#
# A fatal error has been detected by the Java Runtime Environment:
#
#  SIGBUS (0xa) at pc=0x000000010e9f90ac, pid=48543, tid=143731
#
# JRE version: OpenJDK Runtime Environment Temurin-21.0.9+10 (21.0.9+10) (build 21.0.9+10-LTS)
# Java VM: OpenJDK 64-Bit Server VM Temurin-21.0.9+10 (21.0.9+10-LTS, mixed mode, sharing, tiered, compressed oops, compressed class ptrs, g1 gc, bsd-amd64)
# Problematic frame:
# V  [libjvm.dylib+0x4d90ac]  void G1ParCopyClosure<(G1Barrier)2, false>::do_oop_work<oopDesc*>(oopDesc**)+0x4c
#
# No core dump will be written. Core dumps have been disabled. To enable core dumping, try "ulimit -c unlimited" before starting Java again
#
# If you would like to submit a bug report, please visit:
#   https://github.com/adoptium/adoptium-support/issues
#

---------------  S U M M A R Y ------------

Command Line: -Dfile.encoding=UTF-8 -Dstdout.encoding=UTF-8 -Dstderr.encoding=UTF-8 --module-path=/Users/bartholemieuxdoxy/Documents/GitHub/tictactoe/db/bin -XX:+ShowCodeDetailsInExceptionMessages -Djdk.module.main=db db/db.TicTacToeGUI

Host: "Mac16,12" x86_64 (EMULATED) 2400 MHz, 10 cores, 16G, Darwin 25.2.0, macOS 26.2 (25C56)
Time: Mon May  4 10:41:04 2026 EDT elapsed time: 104.196155 seconds (0d 0h 1m 44s)

---------------  T H R E A D  ---------------

Current thread (0x00007fa691abe260):  WorkerThread "GC Thread#6"    [id=143731, stack(0x000000031002f000,0x000000031012f000) (1024K)]

Stack: [0x000000031002f000,0x000000031012f000],  sp=0x000000031012eac0,  free space=1022k
Native frames: (J=compiled Java code, j=interpreted, Vv=VM code, C=native code)
V  [libjvm.dylib+0x4d90ac]  void G1ParCopyClosure<(G1Barrier)2, false>::do_oop_work<oopDesc*>(oopDesc**)+0x4c
V  [libjvm.dylib+0x46f776]  G1CodeBlobClosure::HeapRegionGatheringOopClosure::do_oop(oopDesc**)+0x16
V  [libjvm.dylib+0x8c53fb]  nmethod::oops_do(OopClosure*, bool)+0x17b
V  [libjvm.dylib+0x46fa30]  G1NmethodProcessor::do_regular_processing(nmethod*)+0x20
V  [libjvm.dylib+0x8c5920]  nmethod::oops_do_process_weak(nmethod::OopsDoProcessor*)+0x70
V  [libjvm.dylib+0x46f9fe]  G1CodeBlobClosure::do_code_blob(CodeBlob*)+0x4e
V  [libjvm.dylib+0x4cb022]  G1ScanAndCountCodeBlobClosure::do_code_blob(CodeBlob*)+0x12
V  [libjvm.dylib+0x472039]  void ConcurrentHashTable<G1CodeRootSetHashTableConfig, (MEMFLAGS)5>::ScanTask::do_safepoint_scan<G1CodeRootSetHashTable::iterate_at_safepoint(CodeBlobClosure*)::'lambda'(nmethod**)>(G1CodeRootSetHashTable::iterate_at_safepoint(CodeBlobClosure*)::'lambda'(nmethod**)&)+0x129
V  [libjvm.dylib+0x4701fe]  G1CodeRootSet::nmethods_do(CodeBlobClosure*) const+0x2e
V  [libjvm.dylib+0x4caff2]  G1ScanCodeRootsClosure::do_heap_region(HeapRegion*)+0x42
V  [libjvm.dylib+0x47806f]  G1CollectedHeap::par_iterate_regions_array(HeapRegionClosure*, HeapRegionClaimer*, unsigned int const*, unsigned long, unsigned int) const+0x11f
V  [libjvm.dylib+0x4c8bbc]  G1RemSet::scan_collection_set_code_roots(G1ParScanThreadState*, unsigned int, G1GCPhaseTimes::GCParPhases, G1GCPhaseTimes::GCParPhases)+0xdc
V  [libjvm.dylib+0x4e3299]  G1EvacuateRegionsBaseTask::work(unsigned int)+0x79
V  [libjvm.dylib+0xbc3437]  WorkerThread::run()+0x77
V  [libjvm.dylib+0xb08f48]  Thread::call_run()+0xa8
V  [libjvm.dylib+0x8f593e]  thread_native_entry(Thread*)+0x10e
C  [libsystem_pthread.dylib+0x5e4d]  _pthread_start+0x73
C  [libsystem_pthread.dylib+0x1857]  thread_start+0xf

siginfo: si_signo: 10 (SIGBUS), si_code: 2 (BUS_ADRERR), si_addr: 0x000000011c7e1021

Registers:
RAX=0x00000000f8f10a64, RBX=0x0000600003c38868, RCX=0x00000007070ef598, RDX=0x0000000706686010
RSP=0x000000031012eac0, RBP=0x000000031012eae0, RSI=0x0000000000000001, RDI=0x0000600003c38868
R8 =0x0000000000000000, R9 =0x000000010e6a55a0, R10=0x000000010e6a5378, R11=0x0000000000000010
R12=0x000000031012eb88, R13=0x000000010f351770, R14=0x000000011c7e1021, R15=0x000000031012eb18
RIP=0x000000010e9f90ac, EFLAGS=0x0000000000000247, ERR=0x0000000000000006
  TRAPNO=0x000000000000000e


Register to memory mapping:

RAX=0x00000000f8f10a64 is an unknown value
RBX=0x0000600003c38868 points into unknown readable memory: 0x000000010f325b38 | 38 5b 32 0f 01 00 00 00
RCX=0x00000007070ef598 is an oop: sun.java2d.NullSurfaceData 
{0x00000007070ef598} - klass: 'sun/java2d/NullSurfaceData'
 - ---- fields (total size 7 words):
 - 'haveLCDLoop' 'I' @12  0 (0x00000000)
 - private 'pData' 'J' @16  0 (0x0000000000000000)
 - 'havePgramXORLoop' 'I' @24  0 (0x00000000)
 - 'havePgramSolidLoop' 'I' @28  0 (0x00000000)
 - private 'valid' 'Z' @32  true (0x01)
 - private 'surfaceLost' 'Z' @33  false (0x00)
 - private 'surfaceType' 'Lsun/java2d/loops/SurfaceType;' @36  a 'sun/java2d/loops/SurfaceType'{0x000000070700d2a8} (0xe0e01a55)
 - private 'colorModel' 'Ljava/awt/image/ColorModel;' @40  a 'java/awt/image/DirectColorModel'{0x00000007070ef5d0} (0xe0e1deba)
 - private 'disposerReferent' 'Ljava/lang/Object;' @44  a 'java/lang/Object'{0x00000007070ef7c8} (0xe0e1def9)
 - private 'blitProxyKey' 'Ljava/lang/Object;' @48  null (0x00000000)
 - private 'stateDelegate' 'Lsun/java2d/StateTrackableDelegate;' @52  a 'sun/java2d/StateTrackableDelegate'{0x00000007070ef7d8} (0xe0e1defb)
RDX=0x0000000706686010 is an oop: sun.java2d.NullSurfaceData 
{0x0000000706686010} - klass: 'sun/java2d/NullSurfaceData'
 - ---- fields (total size 7 words):
 - 'haveLCDLoop' 'I' @12  0 (0x00000000)
 - private 'pData' 'J' @16  0 (0x0000000000000000)
 - 'havePgramXORLoop' 'I' @24  0 (0x00000000)
 - 'havePgramSolidLoop' 'I' @28  0 (0x00000000)
 - private 'valid' 'Z' @32  true (0x01)
 - private 'surfaceLost' 'Z' @33  false (0x00)
 - private 'surfaceType' 'Lsun/java2d/loops/SurfaceType;' @36  a 'sun/java2d/loops/SurfaceType'{0x000000070661d6e0} (0xe0cc3adc)
 - private 'colorModel' 'Ljava/awt/image/ColorModel;' @40  a 'java/awt/image/DirectColorModel'{0x0000000706686048} (0xe0cd0c09)
 - private 'disposerReferent' 'Ljava/lang/Object;' @44  a 'java/lang/Object'{0x0000000706686240} (0xe0cd0c48)
 - private 'blitProxyKey' 'Ljava/lang/Object;' @48  null (0x00000000)
 - private 'stateDelegate' 'Lsun/java2d/StateTrackableDelegate;' @52  a 'sun/java2d/StateTrackableDelegate'{0x0000000706686250} (0xe0cd0c4a)
RSP=0x000000031012eac0 points into unknown readable memory: 0x000000010f325b38 | 38 5b 32 0f 01 00 00 00
RBP=0x000000031012eae0 points into unknown readable memory: 0x000000031012eb00 | 00 eb 12 10 03 00 00 00
RSI=0x0000000000000001 is an unknown value
RDI=0x0000600003c38868 points into unknown readable memory: 0x000000010f325b38 | 38 5b 32 0f 01 00 00 00
R8 =0x0 is null
R9 =0x000000010e6a55a0: _ZN9Assembler14locate_operandEPhNS_12WhichOperandE+0x2e0 in /Users/bartholemieuxdoxy/.p2/pool/plugins/org.eclipse.justj.openjdk.hotspot.jre.full.macosx.x86_64_21.0.9.v20251105-0741/jre/lib/server/libjvm.dylib at 0x000000010e520000
R10=0x000000010e6a5378: _ZN9Assembler14locate_operandEPhNS_12WhichOperandE+0xb8 in /Users/bartholemieuxdoxy/.p2/pool/plugins/org.eclipse.justj.openjdk.hotspot.jre.full.macosx.x86_64_21.0.9.v20251105-0741/jre/lib/server/libjvm.dylib at 0x000000010e520000
R11=0x0000000000000010 is an unknown value
R12=0x000000031012eb88 points into unknown readable memory: 0x000000010f33b858 | 58 b8 33 0f 01 00 00 00
R13=0x000000010f351770: _ZZN13RelocIterator9oop_relocEvE5proto+0 in /Users/bartholemieuxdoxy/.p2/pool/plugins/org.eclipse.justj.openjdk.hotspot.jre.full.macosx.x86_64_21.0.9.v20251105-0741/jre/lib/server/libjvm.dylib at 0x000000010e520000
R14=0x000000011c7e1021 is at entry_point+1377 in (nmethod*)0x000000011c7e0610
Compiled method (c2) 104208 2235   !   4       javax.swing.JComponent::paintChildren (684 bytes)
 total in heap  [0x000000011c7e0610,0x000000011c7e5c48] = 22072
 relocation     [0x000000011c7e0768,0x000000011c7e0a98] = 816
 constants      [0x000000011c7e0aa0,0x000000011c7e0ac0] = 32
 main code      [0x000000011c7e0ac0,0x000000011c7e3b70] = 12464
 stub code      [0x000000011c7e3b70,0x000000011c7e3c30] = 192
 oops           [0x000000011c7e3c30,0x000000011c7e3c68] = 56
 metadata       [0x000000011c7e3c68,0x000000011c7e3eb8] = 592
 scopes data    [0x000000011c7e3eb8,0x000000011c7e5178] = 4800
 scopes pcs     [0x000000011c7e5178,0x000000011c7e5898] = 1824
 dependencies   [0x000000011c7e5898,0x000000011c7e5918] = 128
 handler table  [0x000000011c7e5918,0x000000011c7e5b88] = 624
 nul chk table  [0x000000011c7e5b88,0x000000011c7e5c48] = 192
R15=0x000000031012eb18 points into unknown readable memory: 0x0000000000000000 | 00 00 00 00 00 00 00 00

Top of Stack: (sp=0x000000031012eac0)
0x000000031012eac0:   000000010f325b38 0000600003c388b8
0x000000031012ead0:   000000011c7e1021 000000031012eb18
0x000000031012eae0:   000000031012eb00 000000010e98f776
0x000000031012eaf0:   0000600003c388b8 000000011c7e0610
0x000000031012eb00:   000000031012ebe0 000000010ede53fb
0x000000031012eb10:   000000010f33b858 0000000000000000
0x000000031012eb20:   000000011c7e07a2 000000011c7e0a98
0x000000031012eb30:   000000011c7e0610 000000011c7e101f
0x000000031012eb40:   0000000114dc0002 000000031012eb40
0x000000031012eb50:   0000000114dc0000 000000011c7e0aa0
0x000000031012eb60:   000000011c7e0ac0 000000011c7e3b70
0x000000031012eb70:   000000011c7e0ac0 000000011c7e3b70
0x000000031012eb80:   000000011c7e3c30 000000010f33b858
0x000000031012eb90:   000000031012eb18 0000000000000001
0x000000031012eba0:   0000000100000000 000000010f33b8b8
0x000000031012ebb0:   9c786697efab00a8 000000011c7e0610
0x000000031012ebc0:   000000011c7e06e0 0000000000000000
0x000000031012ebd0:   0000600003c388b0 000000011c7e0610
0x000000031012ebe0:   000000031012ec00 000000010e98fa30
0x000000031012ebf0:   000000011c7e0610 000000031012ec50
0x000000031012ec00:   000000031012ec40 000000010ede5920
0x000000031012ec10:   000000010f322430 000000011c7e0610
0x000000031012ec20:   0000600000278370 0000000000000000
0x000000031012ec30:   0000600003c388b0 000000000000017d
0x000000031012ec40:   000000031012ec70 000000010e98f9fe
0x000000031012ec50:   000000010f322430 0000600003c388b0
0x000000031012ec60:   000000031012ed28 0000000000000180
0x000000031012ec70:   000000031012ec90 000000010e9eb022
0x000000031012ec80:   000000010f3256d0 000000031012ed08
0x000000031012ec90:   000000031012ecf0 000000010e992039
0x000000031012eca0:   000000031012ecc0 0000600003724740
0x000000031012ecb0:   0000600003724768 0000600003724748 

Instructions: (pc=0x000000010e9f90ac)
0x000000010e9f8fac:   c0 a4 c8 ff 49 89 c7 48 89 80 00 02 00 00 0f 57
0x000000010e9f8fbc:   c0 0f 11 80 08 02 00 00 4b 8d 04 ec 4c 89 78 10
0x000000010e9f8fcc:   48 81 00 18 02 00 00 49 8b 87 00 02 00 00 4c 89
0x000000010e9f8fdc:   30 49 83 87 00 02 00 00 08 48 8b 5b 10 48 8b 4b
0x000000010e9f8fec:   10 48 83 b9 b8 02 00 00 00 0f 84 e7 fe ff ff e8
0x000000010e9f8ffc:   e0 e1 63 00 49 89 c6 49 89 d7 8b b3 c4 01 00 00
0x000000010e9f900c:   48 89 df e8 dc 37 fe ff e8 c7 e1 63 00 4c 29 f0
0x000000010e9f901c:   48 01 83 c8 01 00 00 4c 29 fa 48 01 93 d0 01 00
0x000000010e9f902c:   00 48 83 c4 08 5b 41 5c 41 5d 41 5e 41 5f 5d c3
0x000000010e9f903c:   0f 1f 40 00 55 48 89 e5 5d e9 16 00 00 00 66 0f
0x000000010e9f904c:   1f 44 00 00 55 48 89 e5 5d e9 26 01 00 00 66 0f
0x000000010e9f905c:   1f 44 00 00 55 48 89 e5 41 57 41 56 53 50 48 8b
0x000000010e9f906c:   16 48 85 d2 0f 84 f1 00 00 00 49 89 f6 48 89 fb
0x000000010e9f907c:   48 8b 47 08 0f b6 88 b8 05 00 00 48 89 d6 48 d3
0x000000010e9f908c:   ee 48 8b 88 a8 05 00 00 0f b7 34 71 66 85 f6 78
0x000000010e9f909c:   14 48 8b 0a 89 c8 f7 d0 a8 03 75 4f 48 83 e1 fc
0x000000010e9f90ac:   49 89 0e eb 52 81 e6 00 ff 00 00 81 fe 00 fd 00
0x000000010e9f90bc:   00 75 44 48 8b b0 10 02 00 00 0f b6 88 18 02 00
0x000000010e9f90cc:   00 48 d3 e6 48 29 f2 48 8d 0d 3e c3 98 00 0f b6
0x000000010e9f90dc:   09 48 d3 ea 89 d1 48 8b 80 98 05 00 00 80 7c 48
0x000000010e9f90ec:   01 fd 75 13 c6 44 48 01 ff eb 0c 48 8b 7b 10 e8
0x000000010e9f90fc:   b0 41 fe ff 49 89 06 48 8b 5b 10 48 8b 4b 10 48
0x000000010e9f910c:   83 b9 b8 02 00 00 00 75 20 8b 81 80 00 00 00 2b
0x000000010e9f911c:   81 00 01 00 00 25 ff ff 01 00 3d ff ff 01 00 74
0x000000010e9f912c:   3a 3b 83 c0 01 00 00 76 32 e8 a6 e0 63 00 49 89
0x000000010e9f913c:   c6 49 89 d7 8b b3 c4 01 00 00 48 89 df e8 a2 36
0x000000010e9f914c:   fe ff e8 8d e0 63 00 4c 29 f0 48 01 83 c8 01 00
0x000000010e9f915c:   00 4c 29 fa 48 01 93 d0 01 00 00 48 83 c4 08 5b
0x000000010e9f916c:   41 5e 41 5f 5d c3 66 66 66 66 66 2e 0f 1f 84 00
0x000000010e9f917c:   00 00 00 00 55 48 89 e5 41 57 41 56 53 50 8b 16
0x000000010e9f918c:   48 85 d2 0f 84 17 01 00 00 49 89 f6 48 89 fb 4c
0x000000010e9f919c:   8d 3d 1e 86 95 00 4d 8b 07 41 8b 7f 08 89 f9 48 


Stack slot to memory mapping:

stack at sp + 0 slots: 0x000000010f325b38: _ZTV16G1ParCopyClosureIL9G1Barrier2ELb0EE+0x10 in /Users/bartholemieuxdoxy/.p2/pool/plugins/org.eclipse.justj.openjdk.hotspot.jre.full.macosx.x86_64_21.0.9.v20251105-0741/jre/lib/server/libjvm.dylib at 0x000000010e520000
stack at sp + 1 slots: 0x0000600003c388b8 points into unknown readable memory: 0x000000010f3223f8 | f8 23 32 0f 01 00 00 00
stack at sp + 2 slots: 0x000000011c7e1021 is at entry_point+1377 in (nmethod*)0x000000011c7e0610
Compiled method (c2) 104211 2235   !   4       javax.swing.JComponent::paintChildren (684 bytes)
 total in heap  [0x000000011c7e0610,0x000000011c7e5c48] = 22072
 relocation     [0x000000011c7e0768,0x000000011c7e0a98] = 816
 constants      [0x000000011c7e0aa0,0x000000011c7e0ac0] = 32
 main code      [0x000000011c7e0ac0,0x000000011c7e3b70] = 12464
 stub code      [0x000000011c7e3b70,0x000000011c7e3c30] = 192
 oops           [0x000000011c7e3c30,0x000000011c7e3c68] = 56
 metadata       [0x000000011c7e3c68,0x000000011c7e3eb8] = 592
 scopes data    [0x000000011c7e3eb8,0x000000011c7e5178] = 4800
 scopes pcs     [0x000000011c7e5178,0x000000011c7e5898] = 1824
 dependencies   [0x000000011c7e5898,0x000000011c7e5918] = 128
 handler table  [0x000000011c7e5918,0x000000011c7e5b88] = 624
 nul chk table  [0x000000011c7e5b88,0x000000011c7e5c48] = 192
stack at sp + 3 slots: 0x000000031012eb18 points into unknown readable memory: 0x0000000000000000 | 00 00 00 00 00 00 00 00
stack at sp + 4 slots: 0x000000031012eb00 points into unknown readable memory: 0x000000031012ebe0 | e0 eb 12 10 03 00 00 00
stack at sp + 5 slots: 0x000000010e98f776: _ZN17G1CodeBlobClosure29HeapRegionGatheringOopClosure6do_oopEPP7oopDesc+0x16 in /Users/bartholemieuxdoxy/.p2/pool/plugins/org.eclipse.justj.openjdk.hotspot.jre.full.macosx.x86_64_21.0.9.v20251105-0741/jre/lib/server/libjvm.dylib at 0x000000010e520000
stack at sp + 6 slots: 0x0000600003c388b8 points into unknown readable memory: 0x000000010f3223f8 | f8 23 32 0f 01 00 00 00
stack at sp + 7 slots: 0x000000011c7e0610 is at entry_point+-1200 in (nmethod*)0x000000011c7e0610
Compiled method (c2) 104211 2235   !   4       javax.swing.JComponent::paintChildren (684 bytes)
 total in heap  [0x000000011c7e0610,0x000000011c7e5c48] = 22072
 relocation     [0x000000011c7e0768,0x000000011c7e0a98] = 816
 constants      [0x000000011c7e0aa0,0x000000011c7e0ac0] = 32
 main code      [0x000000011c7e0ac0,0x000000011c7e3b70] = 12464
 stub code      [0x000000011c7e3b70,0x000000011c7e3c30] = 192
 oops           [0x000000011c7e3c30,0x000000011c7e3c68] = 56
 metadata       [0x000000011c7e3c68,0x000000011c7e3eb8] = 592
 scopes data    [0x000000011c7e3eb8,0x000000011c7e5178] = 4800
 scopes pcs     [0x000000011c7e5178,0x000000011c7e5898] = 1824
 dependencies   [0x000000011c7e5898,0x000000011c7e5918] = 128
 handler table  [0x000000011c7e5918,0x000000011c7e5b88] = 624
 nul chk table  [0x000000011c7e5b88,0x000000011c7e5c48] = 192


---------------  P R O C E S S  ---------------

Threads class SMR info:
_java_thread_list=0x00006000000cf8c0, length=19, elements={
0x00007fa69101d000, 0x00007fa691029600, 0x00007fa690811000, 0x00007fa69501ec00,
0x00007fa69501f400, 0x00007fa695020c00, 0x00007fa695029400, 0x00007fa690812000,
0x00007fa690815600, 0x00007fa69501b600, 0x00007fa69108c600, 0x00007fa69510a400,
0x00007fa69110cc00, 0x00007fa695149200, 0x00007fa692160a00, 0x00007fa692161200,
0x00007fa691106400, 0x00007fa69207f000, 0x00007fa6921eb800
}

Java Threads: ( => current thread )
  0x00007fa69101d000 JavaThread "Reference Handler"          daemon [_thread_blocked, id=27719, stack(0x000000030e437000,0x000000030e537000) (1024K)]
  0x00007fa691029600 JavaThread "Finalizer"                  daemon [_thread_blocked, id=25603, stack(0x000000030e53a000,0x000000030e63a000) (1024K)]
  0x00007fa690811000 JavaThread "Signal Dispatcher"          daemon [_thread_blocked, id=26883, stack(0x000000030e63d000,0x000000030e73d000) (1024K)]
  0x00007fa69501ec00 JavaThread "Service Thread"             daemon [_thread_blocked, id=33283, stack(0x000000030e740000,0x000000030e840000) (1024K)]
  0x00007fa69501f400 JavaThread "Monitor Deflation Thread"   daemon [_thread_blocked, id=33795, stack(0x000000030e843000,0x000000030e943000) (1024K)]
  0x00007fa695020c00 JavaThread "C2 CompilerThread0"         daemon [_thread_blocked, id=34051, stack(0x000000030e946000,0x000000030ea46000) (1024K)]
  0x00007fa695029400 JavaThread "C1 CompilerThread0"         daemon [_thread_blocked, id=34307, stack(0x000000030ea49000,0x000000030eb49000) (1024K)]
  0x00007fa690812000 JavaThread "Common-Cleaner"             daemon [_thread_blocked, id=34883, stack(0x000000030eb4c000,0x000000030ec4c000) (1024K)]
  0x00007fa690815600 JavaThread "Notification Thread"        daemon [_thread_blocked, id=35411, stack(0x000000030ec4f000,0x000000030ed4f000) (1024K)]
  0x00007fa69501b600 JavaThread "AppKit Thread"              daemon [_thread_blocked, id=259, stack(0x000000030d28e000,0x000000030da8e000) (8192K)]
  0x00007fa69108c600 JavaThread "AWT-Shutdown"                      [_thread_blocked, id=51779, stack(0x000000030ee5e000,0x000000030ef5e000) (1024K)]
  0x00007fa69510a400 JavaThread "AWT-EventQueue-0"                  [_thread_blocked, id=75931, stack(0x000000030efe7000,0x000000030f0e7000) (1024K)]
  0x00007fa69110cc00 JavaThread "DestroyJavaVM"                     [_thread_blocked, id=10755, stack(0x000000030db11000,0x000000030dc11000) (1024K)]
  0x00007fa695149200 JavaThread "Java2D Queue Flusher"       daemon [_thread_blocked, id=74067, stack(0x000000030f0ea000,0x000000030f1ea000) (1024K)]
  0x00007fa692160a00 JavaThread "Java2D Disposer"            daemon [_thread_blocked, id=73479, stack(0x000000030f1ed000,0x000000030f2ed000) (1024K)]
  0x00007fa692161200 JavaThread "TimerQueue"                 daemon [_thread_blocked, id=130211, stack(0x000000030f2f0000,0x000000030f3f0000) (1024K)]
  0x00007fa691106400 JavaThread "Thread-0"                          [_thread_blocked, id=87627, stack(0x000000030f3f3000,0x000000030f4f3000) (1024K)]
  0x00007fa69207f000 JavaThread "Thread-1"                   daemon [_thread_in_native, id=88083, stack(0x000000030f4f6000,0x000000030f5f6000) (1024K)]
  0x00007fa6921eb800 JavaThread "Java Sound Event Dispatcher" daemon [_thread_blocked, id=103875, stack(0x000000030f6ff000,0x000000030f7ff000) (1024K)]
Total: 19

Other Threads:
  0x00007fa691a07190 VMThread "VM Thread"                           [id=32259, stack(0x000000030e226000,0x000000030e326000) (1024K)]
  0x00007fa690705210 WatcherThread "VM Periodic Task Thread"        [id=18691, stack(0x000000030e123000,0x000000030e223000) (1024K)]
  0x00007fa691806ac0 WorkerThread "GC Thread#0"                     [id=21507, stack(0x000000030dc14000,0x000000030dd14000) (1024K)]
  0x00007fa691898480 WorkerThread "GC Thread#1"                     [id=143451, stack(0x000000030fa97000,0x000000030fb97000) (1024K)]
  0x00007fa691a09610 WorkerThread "GC Thread#2"                     [id=167187, stack(0x000000030fc23000,0x000000030fd23000) (1024K)]
  0x00007fa691e39330 WorkerThread "GC Thread#3"                     [id=164003, stack(0x000000030fd26000,0x000000030fe26000) (1024K)]
  0x00007fa691898820 WorkerThread "GC Thread#4"                     [id=165107, stack(0x000000030fe29000,0x000000030ff29000) (1024K)]
  0x00007fa691898fb0 WorkerThread "GC Thread#5"                     [id=145147, stack(0x000000030ff2c000,0x000000031002c000) (1024K)]
=>0x00007fa691abe260 WorkerThread "GC Thread#6"                     [id=143731, stack(0x000000031002f000,0x000000031012f000) (1024K)]
  0x00007fa691abe9f0 WorkerThread "GC Thread#7"                     [id=145411, stack(0x0000000310132000,0x0000000310232000) (1024K)]
  0x00007fa691807260 ConcurrentGCThread "G1 Main Marker"            [id=16899, stack(0x000000030dd17000,0x000000030de17000) (1024K)]
  0x00007fa691807bd0 WorkerThread "G1 Conc#0"                       [id=20739, stack(0x000000030de1a000,0x000000030df1a000) (1024K)]
  0x00007fa695808800 ConcurrentGCThread "G1 Refine#0"               [id=17411, stack(0x000000030df1d000,0x000000030e01d000) (1024K)]
  0x00007fa69180a930 ConcurrentGCThread "G1 Service"                [id=20227, stack(0x000000030e020000,0x000000030e120000) (1024K)]
Total: 14

Threads with active compile tasks:
Total: 0

VM state: at safepoint (normal execution)

VM Mutex/Monitor currently owned by a thread:  ([mutex/lock_event])
[0x000000010f3c96b0] Threads_lock - owner thread: 0x00007fa691a07190
[0x000000010f3c97b0] Heap_lock - owner thread: 0x00007fa69510a400

Heap address: 0x0000000700000000, size: 4096 MB, Compressed Oops mode: Zero based, Oop shift amount: 3

CDS archive(s) mapped at: [0x000000012a000000-0x000000012ac97000-0x000000012ac97000), size 13201408, SharedBaseAddress: 0x000000012a000000, ArchiveRelocationMode: 1.
Compressed class space mapped at: 0x000000012b000000-0x000000016b000000, reserved size: 1073741824
Narrow klass base: 0x000000012a000000, Narrow klass shift: 0, Narrow klass range: 0x100000000

GC Precious Log:
 CardTable entry size: 512
 Card Set container configuration: InlinePtr #cards 4 size 8 Array Of Cards #cards 16 size 48 Howl #buckets 8 coarsen threshold 3686 Howl Bitmap #cards 512 size 80 coarsen threshold 460 Card regions per heap region 1 cards per card region 4096
 CPUs: 10 total, 10 available
 Memory: 16384M
 Large Page Support: Disabled
 NUMA Support: Disabled
 Compressed Oops: Enabled (Zero based)
 Heap Region Size: 2M
 Heap Min Capacity: 8M
 Heap Initial Capacity: 256M
 Heap Max Capacity: 4G
 Pre-touch: Disabled
 Parallel Workers: 9
 Concurrent Workers: 2
 Concurrent Refinement Workers: 9
 Periodic GC: Disabled

Heap:
 garbage-first heap   total 264192K, used 157941K [0x0000000700000000, 0x0000000800000000)
  region size 2048K, 78 young (159744K), 7 survivors (14336K)
 Metaspace       used 17992K, committed 18304K, reserved 1114112K
  class space    used 1885K, committed 1984K, reserved 1048576K

Heap Regions: E=young(eden), S=young(survivor), O=old, HS=humongous(starts), HC=humongous(continues), CS=collection set, F=free, TAMS=top-at-mark-start, PB=parsable bottom
|   0|0x0000000700000000, 0x0000000700200000, 0x0000000700200000|100%|HS|  |TAMS 0x0000000700000000| PB 0x0000000700000000| Complete 
|   1|0x0000000700200000, 0x0000000700200000, 0x0000000700400000|  0%| F|  |TAMS 0x0000000700200000| PB 0x0000000700200000| Untracked 
|   2|0x0000000700400000, 0x0000000700400000, 0x0000000700600000|  0%| F|  |TAMS 0x0000000700400000| PB 0x0000000700400000| Untracked 
|   3|0x0000000700600000, 0x0000000700600000, 0x0000000700800000|  0%| F|  |TAMS 0x0000000700600000| PB 0x0000000700600000| Untracked 
|   4|0x0000000700800000, 0x0000000700800000, 0x0000000700a00000|  0%| F|  |TAMS 0x0000000700800000| PB 0x0000000700800000| Untracked 
|   5|0x0000000700a00000, 0x0000000700a00000, 0x0000000700c00000|  0%| F|  |TAMS 0x0000000700a00000| PB 0x0000000700a00000| Untracked 
|   6|0x0000000700c00000, 0x0000000700c00000, 0x0000000700e00000|  0%| F|  |TAMS 0x0000000700c00000| PB 0x0000000700c00000| Untracked 
|   7|0x0000000700e00000, 0x0000000700e00000, 0x0000000701000000|  0%| F|  |TAMS 0x0000000700e00000| PB 0x0000000700e00000| Untracked 
|   8|0x0000000701000000, 0x0000000701000000, 0x0000000701200000|  0%| F|  |TAMS 0x0000000701000000| PB 0x0000000701000000| Untracked 
|   9|0x0000000701200000, 0x0000000701200000, 0x0000000701400000|  0%| F|  |TAMS 0x0000000701200000| PB 0x0000000701200000| Untracked 
|  10|0x0000000701400000, 0x0000000701400000, 0x0000000701600000|  0%| F|  |TAMS 0x0000000701400000| PB 0x0000000701400000| Untracked 
|  11|0x0000000701600000, 0x0000000701600000, 0x0000000701800000|  0%| F|  |TAMS 0x0000000701600000| PB 0x0000000701600000| Untracked 
|  12|0x0000000701800000, 0x0000000701800000, 0x0000000701a00000|  0%| F|  |TAMS 0x0000000701800000| PB 0x0000000701800000| Untracked 
|  13|0x0000000701a00000, 0x0000000701a00000, 0x0000000701c00000|  0%| F|  |TAMS 0x0000000701a00000| PB 0x0000000701a00000| Untracked 
|  14|0x0000000701c00000, 0x0000000701c00000, 0x0000000701e00000|  0%| F|  |TAMS 0x0000000701c00000| PB 0x0000000701c00000| Untracked 
|  15|0x0000000701e00000, 0x0000000701e00000, 0x0000000702000000|  0%| F|  |TAMS 0x0000000701e00000| PB 0x0000000701e00000| Untracked 
|  16|0x0000000702000000, 0x0000000702000000, 0x0000000702200000|  0%| F|  |TAMS 0x0000000702000000| PB 0x0000000702000000| Untracked 
|  17|0x0000000702200000, 0x0000000702200000, 0x0000000702400000|  0%| F|  |TAMS 0x0000000702200000| PB 0x0000000702200000| Untracked 
|  18|0x0000000702400000, 0x0000000702400000, 0x0000000702600000|  0%| F|  |TAMS 0x0000000702400000| PB 0x0000000702400000| Untracked 
|  19|0x0000000702600000, 0x0000000702600000, 0x0000000702800000|  0%| F|  |TAMS 0x0000000702600000| PB 0x0000000702600000| Untracked 
|  20|0x0000000702800000, 0x0000000702800000, 0x0000000702a00000|  0%| F|  |TAMS 0x0000000702800000| PB 0x0000000702800000| Untracked 
|  21|0x0000000702a00000, 0x0000000702a00000, 0x0000000702c00000|  0%| F|  |TAMS 0x0000000702a00000| PB 0x0000000702a00000| Untracked 
|  22|0x0000000702c00000, 0x0000000702c00000, 0x0000000702e00000|  0%| F|  |TAMS 0x0000000702c00000| PB 0x0000000702c00000| Untracked 
|  23|0x0000000702e00000, 0x0000000702e00000, 0x0000000703000000|  0%| F|  |TAMS 0x0000000702e00000| PB 0x0000000702e00000| Untracked 
|  24|0x0000000703000000, 0x0000000703000000, 0x0000000703200000|  0%| F|  |TAMS 0x0000000703000000| PB 0x0000000703000000| Untracked 
|  25|0x0000000703200000, 0x0000000703200000, 0x0000000703400000|  0%| F|  |TAMS 0x0000000703200000| PB 0x0000000703200000| Untracked 
|  26|0x0000000703400000, 0x0000000703400000, 0x0000000703600000|  0%| F|  |TAMS 0x0000000703400000| PB 0x0000000703400000| Untracked 
|  27|0x0000000703600000, 0x0000000703600000, 0x0000000703800000|  0%| F|  |TAMS 0x0000000703600000| PB 0x0000000703600000| Untracked 
|  28|0x0000000703800000, 0x0000000703800000, 0x0000000703a00000|  0%| F|  |TAMS 0x0000000703800000| PB 0x0000000703800000| Untracked 
|  29|0x0000000703a00000, 0x0000000703a00000, 0x0000000703c00000|  0%| F|  |TAMS 0x0000000703a00000| PB 0x0000000703a00000| Untracked 
|  30|0x0000000703c00000, 0x0000000703c00000, 0x0000000703e00000|  0%| F|  |TAMS 0x0000000703c00000| PB 0x0000000703c00000| Untracked 
|  31|0x0000000703e00000, 0x0000000703e00000, 0x0000000704000000|  0%| F|  |TAMS 0x0000000703e00000| PB 0x0000000703e00000| Untracked 
|  32|0x0000000704000000, 0x0000000704000000, 0x0000000704200000|  0%| F|  |TAMS 0x0000000704000000| PB 0x0000000704000000| Untracked 
|  33|0x0000000704200000, 0x0000000704200000, 0x0000000704400000|  0%| F|  |TAMS 0x0000000704200000| PB 0x0000000704200000| Untracked 
|  34|0x0000000704400000, 0x0000000704400000, 0x0000000704600000|  0%| F|  |TAMS 0x0000000704400000| PB 0x0000000704400000| Untracked 
|  35|0x0000000704600000, 0x0000000704600000, 0x0000000704800000|  0%| F|  |TAMS 0x0000000704600000| PB 0x0000000704600000| Untracked 
|  36|0x0000000704800000, 0x0000000704800000, 0x0000000704a00000|  0%| F|  |TAMS 0x0000000704800000| PB 0x0000000704800000| Untracked 
|  37|0x0000000704a00000, 0x0000000704a00000, 0x0000000704c00000|  0%| F|  |TAMS 0x0000000704a00000| PB 0x0000000704a00000| Untracked 
|  38|0x0000000704c00000, 0x0000000704c00000, 0x0000000704e00000|  0%| F|  |TAMS 0x0000000704c00000| PB 0x0000000704c00000| Untracked 
|  39|0x0000000704e00000, 0x0000000704e00000, 0x0000000705000000|  0%| F|  |TAMS 0x0000000704e00000| PB 0x0000000704e00000| Untracked 
|  40|0x0000000705000000, 0x0000000705000000, 0x0000000705200000|  0%| F|  |TAMS 0x0000000705000000| PB 0x0000000705000000| Untracked 
|  41|0x0000000705200000, 0x0000000705200000, 0x0000000705400000|  0%| F|  |TAMS 0x0000000705200000| PB 0x0000000705200000| Untracked 
|  42|0x0000000705400000, 0x0000000705400000, 0x0000000705600000|  0%| F|  |TAMS 0x0000000705400000| PB 0x0000000705400000| Untracked 
|  43|0x0000000705600000, 0x0000000705600000, 0x0000000705800000|  0%| F|  |TAMS 0x0000000705600000| PB 0x0000000705600000| Untracked 
|  44|0x0000000705800000, 0x0000000705800000, 0x0000000705a00000|  0%| F|  |TAMS 0x0000000705800000| PB 0x0000000705800000| Untracked 
|  45|0x0000000705a00000, 0x0000000705ae4aa0, 0x0000000705c00000| 44%| S|  |TAMS 0x0000000705a00000| PB 0x0000000705a00000| Complete 
|  46|0x0000000705c00000, 0x0000000705e00000, 0x0000000705e00000|100%| S|  |TAMS 0x0000000705c00000| PB 0x0000000705c00000| Complete 
|  47|0x0000000705e00000, 0x0000000705f37690, 0x0000000706000000| 60%| E|CS|TAMS 0x0000000705e00000| PB 0x0000000705e00000| Complete 
|  48|0x0000000706000000, 0x0000000706200000, 0x0000000706200000|100%| E|CS|TAMS 0x0000000706000000| PB 0x0000000706000000| Complete 
|  49|0x0000000706200000, 0x0000000706400000, 0x0000000706400000|100%| E|CS|TAMS 0x0000000706200000| PB 0x0000000706200000| Complete 
|  50|0x0000000706400000, 0x0000000706600000, 0x0000000706600000|100%| E|CS|TAMS 0x0000000706400000| PB 0x0000000706400000| Complete 
|  51|0x0000000706600000, 0x0000000706800000, 0x0000000706800000|100%| E|CS|TAMS 0x0000000706600000| PB 0x0000000706600000| Complete 
|  52|0x0000000706800000, 0x0000000706a00000, 0x0000000706a00000|100%| S|  |TAMS 0x0000000706800000| PB 0x0000000706800000| Complete 
|  53|0x0000000706a00000, 0x0000000706c00000, 0x0000000706c00000|100%| S|  |TAMS 0x0000000706a00000| PB 0x0000000706a00000| Complete 
|  54|0x0000000706c00000, 0x0000000706e00000, 0x0000000706e00000|100%| S|  |TAMS 0x0000000706c00000| PB 0x0000000706c00000| Complete 
|  55|0x0000000706e00000, 0x0000000707000000, 0x0000000707000000|100%| S|  |TAMS 0x0000000706e00000| PB 0x0000000706e00000| Complete 
|  56|0x0000000707000000, 0x0000000707200000, 0x0000000707200000|100%| S|  |TAMS 0x0000000707000000| PB 0x0000000707000000| Complete 
|  57|0x0000000707200000, 0x0000000707400000, 0x0000000707400000|100%| E|CS|TAMS 0x0000000707200000| PB 0x0000000707200000| Complete 
|  58|0x0000000707400000, 0x0000000707600000, 0x0000000707600000|100%| E|CS|TAMS 0x0000000707400000| PB 0x0000000707400000| Complete 
|  59|0x0000000707600000, 0x0000000707800000, 0x0000000707800000|100%| E|CS|TAMS 0x0000000707600000| PB 0x0000000707600000| Complete 
|  60|0x0000000707800000, 0x0000000707a00000, 0x0000000707a00000|100%| E|CS|TAMS 0x0000000707800000| PB 0x0000000707800000| Complete 
|  61|0x0000000707a00000, 0x0000000707c00000, 0x0000000707c00000|100%| E|CS|TAMS 0x0000000707a00000| PB 0x0000000707a00000| Complete 
|  62|0x0000000707c00000, 0x0000000707e00000, 0x0000000707e00000|100%| E|CS|TAMS 0x0000000707c00000| PB 0x0000000707c00000| Complete 
|  63|0x0000000707e00000, 0x0000000708000000, 0x0000000708000000|100%| E|CS|TAMS 0x0000000707e00000| PB 0x0000000707e00000| Complete 
|  64|0x0000000708000000, 0x0000000708200000, 0x0000000708200000|100%| E|CS|TAMS 0x0000000708000000| PB 0x0000000708000000| Complete 
|  65|0x0000000708200000, 0x0000000708400000, 0x0000000708400000|100%| E|CS|TAMS 0x0000000708200000| PB 0x0000000708200000| Complete 
|  66|0x0000000708400000, 0x0000000708600000, 0x0000000708600000|100%| E|CS|TAMS 0x0000000708400000| PB 0x0000000708400000| Complete 
|  67|0x0000000708600000, 0x0000000708800000, 0x0000000708800000|100%| E|CS|TAMS 0x0000000708600000| PB 0x0000000708600000| Complete 
|  68|0x0000000708800000, 0x0000000708a00000, 0x0000000708a00000|100%| E|CS|TAMS 0x0000000708800000| PB 0x0000000708800000| Complete 
|  69|0x0000000708a00000, 0x0000000708c00000, 0x0000000708c00000|100%| E|CS|TAMS 0x0000000708a00000| PB 0x0000000708a00000| Complete 
|  70|0x0000000708c00000, 0x0000000708e00000, 0x0000000708e00000|100%| E|CS|TAMS 0x0000000708c00000| PB 0x0000000708c00000| Complete 
|  71|0x0000000708e00000, 0x0000000709000000, 0x0000000709000000|100%| E|CS|TAMS 0x0000000708e00000| PB 0x0000000708e00000| Complete 
|  72|0x0000000709000000, 0x0000000709200000, 0x0000000709200000|100%| E|CS|TAMS 0x0000000709000000| PB 0x0000000709000000| Complete 
|  73|0x0000000709200000, 0x0000000709400000, 0x0000000709400000|100%| E|CS|TAMS 0x0000000709200000| PB 0x0000000709200000| Complete 
|  74|0x0000000709400000, 0x0000000709600000, 0x0000000709600000|100%| E|CS|TAMS 0x0000000709400000| PB 0x0000000709400000| Complete 
|  75|0x0000000709600000, 0x0000000709800000, 0x0000000709800000|100%| E|CS|TAMS 0x0000000709600000| PB 0x0000000709600000| Complete 
|  76|0x0000000709800000, 0x0000000709a00000, 0x0000000709a00000|100%| E|CS|TAMS 0x0000000709800000| PB 0x0000000709800000| Complete 
|  77|0x0000000709a00000, 0x0000000709c00000, 0x0000000709c00000|100%| E|CS|TAMS 0x0000000709a00000| PB 0x0000000709a00000| Complete 
|  78|0x0000000709c00000, 0x0000000709e00000, 0x0000000709e00000|100%| E|CS|TAMS 0x0000000709c00000| PB 0x0000000709c00000| Complete 
|  79|0x0000000709e00000, 0x000000070a000000, 0x000000070a000000|100%| E|CS|TAMS 0x0000000709e00000| PB 0x0000000709e00000| Complete 
|  80|0x000000070a000000, 0x000000070a200000, 0x000000070a200000|100%| E|CS|TAMS 0x000000070a000000| PB 0x000000070a000000| Complete 
|  81|0x000000070a200000, 0x000000070a400000, 0x000000070a400000|100%| E|CS|TAMS 0x000000070a200000| PB 0x000000070a200000| Complete 
|  82|0x000000070a400000, 0x000000070a600000, 0x000000070a600000|100%| E|CS|TAMS 0x000000070a400000| PB 0x000000070a400000| Complete 
|  83|0x000000070a600000, 0x000000070a800000, 0x000000070a800000|100%| E|CS|TAMS 0x000000070a600000| PB 0x000000070a600000| Complete 
|  84|0x000000070a800000, 0x000000070aa00000, 0x000000070aa00000|100%| E|CS|TAMS 0x000000070a800000| PB 0x000000070a800000| Complete 
|  85|0x000000070aa00000, 0x000000070ac00000, 0x000000070ac00000|100%| E|CS|TAMS 0x000000070aa00000| PB 0x000000070aa00000| Complete 
|  86|0x000000070ac00000, 0x000000070ae00000, 0x000000070ae00000|100%| E|CS|TAMS 0x000000070ac00000| PB 0x000000070ac00000| Complete 
|  87|0x000000070ae00000, 0x000000070b000000, 0x000000070b000000|100%| E|CS|TAMS 0x000000070ae00000| PB 0x000000070ae00000| Complete 
|  88|0x000000070b000000, 0x000000070b200000, 0x000000070b200000|100%| E|CS|TAMS 0x000000070b000000| PB 0x000000070b000000| Complete 
|  89|0x000000070b200000, 0x000000070b400000, 0x000000070b400000|100%| E|CS|TAMS 0x000000070b200000| PB 0x000000070b200000| Complete 
|  90|0x000000070b400000, 0x000000070b600000, 0x000000070b600000|100%| E|CS|TAMS 0x000000070b400000| PB 0x000000070b400000| Complete 
|  91|0x000000070b600000, 0x000000070b800000, 0x000000070b800000|100%| E|CS|TAMS 0x000000070b600000| PB 0x000000070b600000| Complete 
|  92|0x000000070b800000, 0x000000070ba00000, 0x000000070ba00000|100%| E|CS|TAMS 0x000000070b800000| PB 0x000000070b800000| Complete 
|  93|0x000000070ba00000, 0x000000070bc00000, 0x000000070bc00000|100%| E|CS|TAMS 0x000000070ba00000| PB 0x000000070ba00000| Complete 
|  94|0x000000070bc00000, 0x000000070be00000, 0x000000070be00000|100%| E|CS|TAMS 0x000000070bc00000| PB 0x000000070bc00000| Complete 
|  95|0x000000070be00000, 0x000000070c000000, 0x000000070c000000|100%| E|CS|TAMS 0x000000070be00000| PB 0x000000070be00000| Complete 
|  96|0x000000070c000000, 0x000000070c200000, 0x000000070c200000|100%| E|CS|TAMS 0x000000070c000000| PB 0x000000070c000000| Complete 
|  97|0x000000070c200000, 0x000000070c400000, 0x000000070c400000|100%| E|CS|TAMS 0x000000070c200000| PB 0x000000070c200000| Complete 
|  98|0x000000070c400000, 0x000000070c600000, 0x000000070c600000|100%| E|CS|TAMS 0x000000070c400000| PB 0x000000070c400000| Complete 
|  99|0x000000070c600000, 0x000000070c800000, 0x000000070c800000|100%| E|CS|TAMS 0x000000070c600000| PB 0x000000070c600000| Complete 
| 100|0x000000070c800000, 0x000000070ca00000, 0x000000070ca00000|100%| E|CS|TAMS 0x000000070c800000| PB 0x000000070c800000| Complete 
| 101|0x000000070ca00000, 0x000000070cc00000, 0x000000070cc00000|100%| E|CS|TAMS 0x000000070ca00000| PB 0x000000070ca00000| Complete 
| 102|0x000000070cc00000, 0x000000070ce00000, 0x000000070ce00000|100%| E|CS|TAMS 0x000000070cc00000| PB 0x000000070cc00000| Complete 
| 103|0x000000070ce00000, 0x000000070d000000, 0x000000070d000000|100%| E|CS|TAMS 0x000000070ce00000| PB 0x000000070ce00000| Complete 
| 104|0x000000070d000000, 0x000000070d200000, 0x000000070d200000|100%| E|CS|TAMS 0x000000070d000000| PB 0x000000070d000000| Complete 
| 105|0x000000070d200000, 0x000000070d400000, 0x000000070d400000|100%| E|CS|TAMS 0x000000070d200000| PB 0x000000070d200000| Complete 
| 106|0x000000070d400000, 0x000000070d600000, 0x000000070d600000|100%| E|CS|TAMS 0x000000070d400000| PB 0x000000070d400000| Complete 
| 107|0x000000070d600000, 0x000000070d800000, 0x000000070d800000|100%| E|CS|TAMS 0x000000070d600000| PB 0x000000070d600000| Complete 
| 108|0x000000070d800000, 0x000000070da00000, 0x000000070da00000|100%| E|CS|TAMS 0x000000070d800000| PB 0x000000070d800000| Complete 
| 109|0x000000070da00000, 0x000000070dc00000, 0x000000070dc00000|100%| E|CS|TAMS 0x000000070da00000| PB 0x000000070da00000| Complete 
| 110|0x000000070dc00000, 0x000000070de00000, 0x000000070de00000|100%| E|CS|TAMS 0x000000070dc00000| PB 0x000000070dc00000| Complete 
| 111|0x000000070de00000, 0x000000070e000000, 0x000000070e000000|100%| E|CS|TAMS 0x000000070de00000| PB 0x000000070de00000| Complete 
| 112|0x000000070e000000, 0x000000070e200000, 0x000000070e200000|100%| E|CS|TAMS 0x000000070e000000| PB 0x000000070e000000| Complete 
| 113|0x000000070e200000, 0x000000070e400000, 0x000000070e400000|100%| E|CS|TAMS 0x000000070e200000| PB 0x000000070e200000| Complete 
| 114|0x000000070e400000, 0x000000070e600000, 0x000000070e600000|100%| E|CS|TAMS 0x000000070e400000| PB 0x000000070e400000| Complete 
| 115|0x000000070e600000, 0x000000070e800000, 0x000000070e800000|100%| E|CS|TAMS 0x000000070e600000| PB 0x000000070e600000| Complete 
| 116|0x000000070e800000, 0x000000070ea00000, 0x000000070ea00000|100%| E|CS|TAMS 0x000000070e800000| PB 0x000000070e800000| Complete 
| 117|0x000000070ea00000, 0x000000070ec00000, 0x000000070ec00000|100%| E|CS|TAMS 0x000000070ea00000| PB 0x000000070ea00000| Complete 
| 118|0x000000070ec00000, 0x000000070ee00000, 0x000000070ee00000|100%| E|CS|TAMS 0x000000070ec00000| PB 0x000000070ec00000| Complete 
| 119|0x000000070ee00000, 0x000000070f000000, 0x000000070f000000|100%| E|CS|TAMS 0x000000070ee00000| PB 0x000000070ee00000| Complete 
| 120|0x000000070f000000, 0x000000070f200000, 0x000000070f200000|100%| E|CS|TAMS 0x000000070f000000| PB 0x000000070f000000| Complete 
| 121|0x000000070f200000, 0x000000070f400000, 0x000000070f400000|100%| E|CS|TAMS 0x000000070f200000| PB 0x000000070f200000| Complete 
| 122|0x000000070f400000, 0x000000070f600000, 0x000000070f600000|100%| E|CS|TAMS 0x000000070f400000| PB 0x000000070f400000| Complete 
| 123|0x000000070f600000, 0x000000070f800000, 0x000000070f800000|100%| E|CS|TAMS 0x000000070f600000| PB 0x000000070f600000| Complete 
| 124|0x000000070f800000, 0x000000070fa00000, 0x000000070fa00000|100%| E|CS|TAMS 0x000000070f800000| PB 0x000000070f800000| Complete 
| 125|0x000000070fa00000, 0x000000070fc00000, 0x000000070fc00000|100%| E|CS|TAMS 0x000000070fa00000| PB 0x000000070fa00000| Complete 
| 126|0x000000070fc00000, 0x000000070fe00000, 0x000000070fe00000|100%| E|CS|TAMS 0x000000070fc00000| PB 0x000000070fc00000| Complete 
| 127|0x000000070fe00000, 0x0000000710000000, 0x0000000710000000|100%| E|CS|TAMS 0x000000070fe00000| PB 0x000000070fe00000| Complete 
|2047|0x00000007ffe00000, 0x00000007fff05fc8, 0x0000000800000000| 51%| O|  |TAMS 0x00000007ffe00000| PB 0x00000007ffe00000| Untracked 

Card table byte_map: [0x000000010dd1c000,0x000000010e51c000] _byte_map_base: 0x000000010a51c000

Marking Bits: (CMBitMap*) 0x00007fa69201ce10
 Bits: [0x0000000123bee000, 0x0000000127bee000)

Polling page: 0x000000010d1e4000

Metaspace:

Usage:
  Non-class:     15.73 MB used.
      Class:      1.84 MB used.
       Both:     17.57 MB used.

Virtual space:
  Non-class space:       64.00 MB reserved,      15.94 MB ( 25%) committed,  1 nodes.
      Class space:        1.00 GB reserved,       1.94 MB ( <1%) committed,  1 nodes.
             Both:        1.06 GB reserved,      17.88 MB (  2%) committed. 

Chunk freelists:
   Non-Class:  122.00 KB
       Class:  14.09 MB
        Both:  14.21 MB

MaxMetaspaceSize: unlimited
CompressedClassSpaceSize: 1.00 GB
Initial GC threshold: 21.00 MB
Current GC threshold: 21.00 MB
CDS: on
 - commit_granule_bytes: 65536.
 - commit_granule_words: 8192.
 - virtual_space_node_default_size: 8388608.
 - enlarge_chunks_in_place: 1.
 - use_allocation_guard: 0.


Internal statistics:

num_allocs_failed_limit: 0.
num_arena_births: 238.
num_arena_deaths: 0.
num_vsnodes_births: 2.
num_vsnodes_deaths: 0.
num_space_committed: 286.
num_space_uncommitted: 0.
num_chunks_returned_to_freelist: 0.
num_chunks_taken_from_freelist: 341.
num_chunk_merges: 0.
num_chunk_splits: 200.
num_chunks_enlarged: 105.
num_inconsistent_stats: 0.

CodeHeap 'non-profiled nmethods': size=120028Kb used=3602Kb max_used=3602Kb free=116425Kb
 bounds [0x000000011c6b7000, 0x000000011ca47000, 0x0000000123bee000]
CodeHeap 'profiled nmethods': size=120028Kb used=7591Kb max_used=7591Kb free=112436Kb
 bounds [0x0000000114bee000, 0x000000011535e000, 0x000000011c125000]
CodeHeap 'non-nmethods': size=5704Kb used=1724Kb max_used=1775Kb free=3979Kb
 bounds [0x000000011c125000, 0x000000011c395000, 0x000000011c6b7000]
CodeCache: size=245760Kb, used=12917Kb, max_used=12968Kb, free=232840Kb
 total_blobs=4862, nmethods=4087, adapters=680, full_count=0
Compilation: enabled, stopped_count=0, restarted_count=0

Compilation events (20 events):
Event: 98.536 Thread 0x00007fa695020c00 4078       4       com.apple.laf.AquaButtonBorder::hasSmallerInsets (73 bytes)
Event: 98.538 Thread 0x00007fa695020c00 nmethod 4078 0x000000011ca2c810 code [0x000000011ca2c9c0, 0x000000011ca2cc60]
Event: 98.597 Thread 0x00007fa695029400 4079       3       java.util.ServiceLoader$3::hasNext (38 bytes)
Event: 98.597 Thread 0x00007fa695029400 nmethod 4079 0x0000000115357590 code [0x0000000115357780, 0x0000000115357bc0]
Event: 98.654 Thread 0x00007fa695020c00 4080       4       java.util.ArrayList::toArray (57 bytes)
Event: 98.659 Thread 0x00007fa695020c00 nmethod 4080 0x000000011ca2cf10 code [0x000000011ca2d0c0, 0x000000011ca2d6a8]
Event: 98.698 Thread 0x00007fa695020c00 4081       4       java.util.HashMap::put (13 bytes)
Event: 98.706 Thread 0x00007fa695020c00 nmethod 4081 0x000000011ca2d890 code [0x000000011ca2dac0, 0x000000011ca2e758]
Event: 99.353 Thread 0x00007fa695020c00 4082       4       sun.swing.SwingUtilities2::drawStringUnderlineCharAt (15 bytes)
Event: 99.357 Thread 0x00007fa695020c00 nmethod 4082 0x000000011ca2ed90 code [0x000000011ca2ef20, 0x000000011ca2f0b8]
Event: 99.433 Thread 0x00007fa695020c00 4083  s    4       javax.swing.RepaintManager::extendDirtyRegion (36 bytes)
Event: 99.439 Thread 0x00007fa695020c00 nmethod 4083 0x000000011ca2f390 code [0x000000011ca2f560, 0x000000011ca2fbe8]
Event: 100.040 Thread 0x00007fa695020c00 4084   !   4       com.apple.laf.AquaPainter::getGraphics2D (94 bytes)
Event: 100.042 Thread 0x00007fa695020c00 nmethod 4084 0x000000011ca2ff10 code [0x000000011ca30080, 0x000000011ca30108]
Event: 100.042 Thread 0x00007fa695020c00 4085       4       com.apple.laf.AquaPainter$AquaSingleImagePainter::paintFromSingleCachedImage (174 bytes)
Event: 100.087 Thread 0x00007fa695020c00 nmethod 4085 0x000000011ca30210 code [0x000000011ca306e0, 0x000000011ca34b78]
Event: 100.892 Thread 0x00007fa695020c00 4086   !   4       sun.lwawt.macosx.CFRetainedResource::execute (53 bytes)
Event: 100.904 Thread 0x00007fa695020c00 nmethod 4086 0x000000011ca36b90 code [0x000000011ca36de0, 0x000000011ca375f0]
Event: 101.730 Thread 0x00007fa695020c00 4087   !   4       javax.swing.RepaintManager::addDirtyRegion0 (205 bytes)
Event: 101.760 Thread 0x00007fa695020c00 nmethod 4087 0x000000011ca37c10 code [0x000000011ca38000, 0x000000011ca3a618]

GC Heap History (7 events):
Event: 7.444 GC heap before
{Heap before GC invocations=0 (full 0):
 garbage-first heap   total 264192K, used 23575K [0x0000000700000000, 0x0000000800000000)
  region size 2048K, 11 young (22528K), 0 survivors (0K)
 Metaspace       used 9730K, committed 10048K, reserved 1114112K
  class space    used 1052K, committed 1216K, reserved 1048576K
}
Event: 7.470 GC heap after
{Heap after GC invocations=1 (full 0):
 garbage-first heap   total 264192K, used 4352K [0x0000000700000000, 0x0000000800000000)
  region size 2048K, 2 young (4096K), 2 survivors (4096K)
 Metaspace       used 9730K, committed 10048K, reserved 1114112K
  class space    used 1052K, committed 1216K, reserved 1048576K
}
Event: 34.084 GC heap before
{Heap before GC invocations=1 (full 0):
 garbage-first heap   total 264192K, used 53504K [0x0000000700000000, 0x0000000800000000)
  region size 2048K, 26 young (53248K), 2 survivors (4096K)
 Metaspace       used 10160K, committed 10496K, reserved 1114112K
  class space    used 1060K, committed 1216K, reserved 1048576K
}
Event: 34.093 GC heap after
{Heap after GC invocations=2 (full 0):
 garbage-first heap   total 264192K, used 4377K [0x0000000700000000, 0x0000000800000000)
  region size 2048K, 2 young (4096K), 2 survivors (4096K)
 Metaspace       used 10160K, committed 10496K, reserved 1114112K
  class space    used 1060K, committed 1216K, reserved 1048576K
}
Event: 71.893 GC heap before
{Heap before GC invocations=2 (full 0):
 garbage-first heap   total 264192K, used 153881K [0x0000000700000000, 0x0000000800000000)
  region size 2048K, 76 young (155648K), 2 survivors (4096K)
 Metaspace       used 10405K, committed 10688K, reserved 1114112K
  class space    used 1062K, committed 1216K, reserved 1048576K
}
Event: 71.908 GC heap after
{Heap after GC invocations=3 (full 0):
 garbage-first heap   total 264192K, used 10485K [0x0000000700000000, 0x0000000800000000)
  region size 2048K, 5 young (10240K), 5 survivors (10240K)
 Metaspace       used 10405K, committed 10688K, reserved 1114112K
  class space    used 1062K, committed 1216K, reserved 1048576K
}
Event: 104.153 GC heap before
{Heap before GC invocations=3 (full 0):
 garbage-first heap   total 264192K, used 155893K [0x0000000700000000, 0x0000000800000000)
  region size 2048K, 76 young (155648K), 5 survivors (10240K)
 Metaspace       used 17992K, committed 18304K, reserved 1114112K
  class space    used 1885K, committed 1984K, reserved 1048576K
}

Dll operation events (11 events):
Event: 0.009 Loaded shared library /Users/bartholemieuxdoxy/.p2/pool/plugins/org.eclipse.justj.openjdk.hotspot.jre.full.macosx.x86_64_21.0.9.v20251105-0741/jre/lib/libjava.dylib
Event: 0.055 Loaded shared library /Users/bartholemieuxdoxy/.p2/pool/plugins/org.eclipse.justj.openjdk.hotspot.jre.full.macosx.x86_64_21.0.9.v20251105-0741/jre/lib/libnio.dylib
Event: 0.094 Loaded shared library /Users/bartholemieuxdoxy/.p2/pool/plugins/org.eclipse.justj.openjdk.hotspot.jre.full.macosx.x86_64_21.0.9.v20251105-0741/jre/lib/libzip.dylib
Event: 0.097 Loaded shared library /Users/bartholemieuxdoxy/.p2/pool/plugins/org.eclipse.justj.openjdk.hotspot.jre.full.macosx.x86_64_21.0.9.v20251105-0741/jre/lib/libnet.dylib
Event: 0.192 Loaded shared library /Users/bartholemieuxdoxy/.p2/pool/plugins/org.eclipse.justj.openjdk.hotspot.jre.full.macosx.x86_64_21.0.9.v20251105-0741/jre/lib/libjimage.dylib
Event: 0.213 Loaded shared library /Users/bartholemieuxdoxy/.p2/pool/plugins/org.eclipse.justj.openjdk.hotspot.jre.full.macosx.x86_64_21.0.9.v20251105-0741/jre/lib/libawt.dylib
Event: 0.215 Loaded shared library /Users/bartholemieuxdoxy/.p2/pool/plugins/org.eclipse.justj.openjdk.hotspot.jre.full.macosx.x86_64_21.0.9.v20251105-0741/jre/lib/libawt_lwawt.dylib
Event: 0.259 Loaded shared library /Users/bartholemieuxdoxy/.p2/pool/plugins/org.eclipse.justj.openjdk.hotspot.jre.full.macosx.x86_64_21.0.9.v20251105-0741/jre/lib/libfontmanager.dylib
Event: 0.556 Loaded shared library /Users/bartholemieuxdoxy/.p2/pool/plugins/org.eclipse.justj.openjdk.hotspot.jre.full.macosx.x86_64_21.0.9.v20251105-0741/jre/lib/libosxui.dylib
Event: 0.701 Loaded shared library /Users/bartholemieuxdoxy/.p2/pool/plugins/org.eclipse.justj.openjdk.hotspot.jre.full.macosx.x86_64_21.0.9.v20251105-0741/jre/lib/libjsound.dylib
Event: 0.702 Loaded shared library /Users/bartholemieuxdoxy/.p2/pool/plugins/org.eclipse.justj.openjdk.hotspot.jre.full.macosx.x86_64_21.0.9.v20251105-0741/jre/lib/libzip.dylib

Deoptimization events (20 events):
Event: 96.492 Thread 0x00007fa69510a400 Uncommon trap: trap_request=0xffffffcc fr.pc=0x000000011ca08d4c relative=0x000000000000030c
Event: 96.492 Thread 0x00007fa69510a400 Uncommon trap: reason=intrinsic_or_type_checked_inlining action=make_not_entrant pc=0x000000011ca08d4c method=java.util.ArrayList.toArray([Ljava/lang/Object;)[Ljava/lang/Object; @ 36 c2
Event: 96.492 Thread 0x00007fa69510a400 DEOPT PACKING pc=0x000000011ca08d4c sp=0x000000030f0e53e0
Event: 96.492 Thread 0x00007fa69510a400 DEOPT UNPACKING pc=0x000000011c178f93 sp=0x000000030f0e53a0 mode 2
Event: 96.536 Thread 0x00007fa69510a400 Uncommon trap: trap_request=0xffffff45 fr.pc=0x000000011c9b1f30 relative=0x0000000000003eb0
Event: 96.536 Thread 0x00007fa69510a400 Uncommon trap: reason=unstable_if action=reinterpret pc=0x000000011c9b1f30 method=javax.swing.DefaultButtonModel.isArmed()Z @ 6 c2
Event: 96.536 Thread 0x00007fa69510a400 DEOPT PACKING pc=0x000000011c9b1f30 sp=0x000000030f0e5630
Event: 96.536 Thread 0x00007fa69510a400 DEOPT UNPACKING pc=0x000000011c178f93 sp=0x000000030f0e5510 mode 2
Event: 96.544 Thread 0x00007fa69510a400 Uncommon trap: trap_request=0xffffff45 fr.pc=0x000000011c8dd06c relative=0x000000000000370c
Event: 96.544 Thread 0x00007fa69510a400 Uncommon trap: reason=unstable_if action=reinterpret pc=0x000000011c8dd06c method=sun.java2d.loops.RenderCache.get(Lsun/java2d/loops/SurfaceType;Lsun/java2d/loops/CompositeType;Lsun/java2d/loops/SurfaceType;)Ljava/lang/Object; @ 52 c2
Event: 96.544 Thread 0x00007fa69510a400 DEOPT PACKING pc=0x000000011c8dd06c sp=0x000000030f0e4f90
Event: 96.544 Thread 0x00007fa69510a400 DEOPT UNPACKING pc=0x000000011c178f93 sp=0x000000030f0e4ac0 mode 2
Event: 96.561 Thread 0x00007fa69510a400 Uncommon trap: trap_request=0xffffff3d fr.pc=0x000000011c898b14 relative=0x0000000000000574
Event: 96.561 Thread 0x00007fa69510a400 Uncommon trap: reason=unstable_fused_if action=reinterpret pc=0x000000011c898b14 method=java.awt.AWTEvent.<init>(Ljava/lang/Object;I)V @ 28 c2
Event: 96.561 Thread 0x00007fa69510a400 DEOPT PACKING pc=0x000000011c898b14 sp=0x000000030f0e5ec0
Event: 96.561 Thread 0x00007fa69510a400 DEOPT UNPACKING pc=0x000000011c178f93 sp=0x000000030f0e5e88 mode 2
Event: 96.646 Thread 0x00007fa692161200 Uncommon trap: trap_request=0xffffff45 fr.pc=0x000000011c9124d8 relative=0x0000000000000cb8
Event: 96.646 Thread 0x00007fa692161200 Uncommon trap: reason=unstable_if action=reinterpret pc=0x000000011c9124d8 method=java.util.concurrent.locks.AbstractQueuedSynchronizer.tryInitializeHead()Ljava/util/concurrent/locks/AbstractQueuedSynchronizer$Node; @ 8 c2
Event: 96.646 Thread 0x00007fa692161200 DEOPT PACKING pc=0x000000011c9124d8 sp=0x000000030f3ef990
Event: 96.646 Thread 0x00007fa692161200 DEOPT UNPACKING pc=0x000000011c178f93 sp=0x000000030f3ef858 mode 2

Classes loaded (20 events):
Event: 79.095 Loading class sun/net/www/http/KeepAliveCache$1
Event: 79.095 Loading class sun/net/www/http/KeepAliveCache$1 done
Event: 79.095 Loading class sun/net/www/http/KeepAliveCache$ClientVector
Event: 79.095 Loading class sun/net/www/http/KeepAliveCache$ClientVector done
Event: 79.095 Loading class sun/net/www/http/KeepAliveEntry
Event: 79.095 Loading class sun/net/www/http/KeepAliveEntry done
Event: 84.102 Loading class sun/security/ssl/Alert
Event: 84.103 Loading class sun/security/ssl/Alert done
Event: 84.103 Loading class sun/security/ssl/Alert$AlertConsumer
Event: 84.103 Loading class sun/security/ssl/Alert$AlertConsumer done
Event: 84.103 Loading class sun/security/ssl/Alert$Level
Event: 84.103 Loading class sun/security/ssl/Alert$Level done
Event: 84.111 Loading class java/net/SocketTimeoutException
Event: 84.111 Loading class java/io/InterruptedIOException
Event: 84.111 Loading class java/io/InterruptedIOException done
Event: 84.111 Loading class java/net/SocketTimeoutException done
Event: 96.526 Loading class javax/swing/event/ChangeEvent
Event: 96.526 Loading class javax/swing/event/ChangeEvent done
Event: 96.529 Loading class java/awt/KeyboardFocusManager$4
Event: 96.529 Loading class java/awt/KeyboardFocusManager$4 done

Classes unloaded (0 events):
No events

Classes redefined (0 events):
No events

Internal exceptions (20 events):
Event: 0.710 Thread 0x00007fa69510a400 Exception <a 'java/lang/NoSuchMethodError'{0x000000070f62b430}: 'java.lang.Object java.lang.invoke.Invokers$Holder.linkToTargetMethod(int, int, int, int, java.lang.Object)'> (0x000000070f62b430) 
thrown [src/hotspot/share/interpreter/linkResolver.cpp, line 773]
Event: 0.718 Thread 0x00007fa69510a400 Exception <a 'java/lang/NoSuchMethodError'{0x000000070f62ef68}: 'void java.lang.invoke.DirectMethodHandle$Holder.invokeStatic(java.lang.Object, java.lang.Object, long)'> (0x000000070f62ef68) 
thrown [src/hotspot/share/interpreter/linkResolver.cpp, line 773]
Event: 0.720 Thread 0x00007fa69501b600 Exception <a 'java/lang/NoSuchMethodError'{0x000000070fd59008}: 'void java.lang.invoke.DirectMethodHandle$Holder.invokeStatic(java.lang.Object, java.lang.Object, long)'> (0x000000070fd59008) 
thrown [src/hotspot/share/interpreter/linkResolver.cpp, line 773]
Event: 0.745 Thread 0x00007fa69501b600 Exception <a 'java/lang/NoSuchMethodError'{0x000000070fd901f8}: 'void java.lang.invoke.DirectMethodHandle$Holder.invokeSpecial(java.lang.Object, java.lang.Object, long)'> (0x000000070fd901f8) 
thrown [src/hotspot/share/interpreter/linkResolver.cpp, line 773]
Event: 0.788 Thread 0x00007fa69501b600 Exception <a 'java/lang/NoSuchMethodError'{0x000000070fd9d250}: 'void java.lang.invoke.DirectMethodHandle$Holder.invokeStatic(java.lang.Object, long)'> (0x000000070fd9d250) 
thrown [src/hotspot/share/interpreter/linkResolver.cpp, line 773]
Event: 1.053 Thread 0x00007fa69510a400 Exception <a 'java/lang/NoSuchMethodError'{0x000000070f6dfa80}: 'void java.lang.invoke.DirectMethodHandle$Holder.invokeStatic(java.lang.Object, long, long)'> (0x000000070f6dfa80) 
thrown [src/hotspot/share/interpreter/linkResolver.cpp, line 773]
Event: 1.054 Thread 0x00007fa69510a400 Exception <a 'java/lang/NoSuchMethodError'{0x000000070f6e4fc8}: 'java.lang.Object java.lang.invoke.DirectMethodHandle$Holder.newInvokeSpecial(java.lang.Object, long)'> (0x000000070f6e4fc8) 
thrown [src/hotspot/share/interpreter/linkResolver.cpp, line 773]
Event: 1.056 Thread 0x00007fa69510a400 Exception <a 'java/lang/NoSuchMethodError'{0x000000070f6ee640}: 'java.lang.Object java.lang.invoke.DirectMethodHandle$Holder.newInvokeSpecial(java.lang.Object, java.lang.Object, int)'> (0x000000070f6ee640) 
thrown [src/hotspot/share/interpreter/linkResolver.cpp, line 773]
Event: 7.208 Thread 0x00007fa69510a400 Exception <a 'java/lang/NoSuchMethodError'{0x000000070ea78a18}: 'void java.lang.invoke.DirectMethodHandle$Holder.invokeSpecial(java.lang.Object, java.lang.Object, int)'> (0x000000070ea78a18) 
thrown [src/hotspot/share/interpreter/linkResolver.cpp, line 773]
Event: 7.223 Thread 0x00007fa69510a400 Implicit null exception at 0x000000011c754111 to 0x000000011c7541b8
Event: 34.101 Thread 0x00007fa69510a400 Implicit null exception at 0x000000011c77e566 to 0x000000011c7804f8
Event: 55.791 Thread 0x00007fa69501b600 Implicit null exception at 0x000000011c83f4c6 to 0x000000011c8411a4
Event: 55.810 Thread 0x00007fa69510a400 Implicit null exception at 0x000000011c89152e to 0x000000011c892508
Event: 78.324 Thread 0x00007fa6950aac00 Implicit null exception at 0x000000011c753c08 to 0x000000011c753cc0
Event: 78.481 Thread 0x00007fa6950aac00 Implicit null exception at 0x000000011c850060 to 0x000000011c8502a6
Event: 78.666 Thread 0x00007fa6950aac00 Exception <a 'java/lang/ClassNotFoundException'{0x000000070d8a09e8}: jdk/net/ExtendedSocketOptions> (0x000000070d8a09e8) 
thrown [src/hotspot/share/classfile/systemDictionary.cpp, line 312]
Event: 78.673 Thread 0x00007fa6950aac00 Exception <a 'java/lang/NoSuchMethodError'{0x000000070d8a21c8}: 'void java.lang.invoke.DirectMethodHandle$Holder.invokeStatic(java.lang.Object, java.lang.Object)'> (0x000000070d8a21c8) 
thrown [src/hotspot/share/interpreter/linkResolver.cpp, line 773]
Event: 78.991 Thread 0x00007fa6950aac00 Exception <a 'java/lang/NoSuchMethodError'{0x000000070d19d3d0}: 'java.lang.Object java.lang.invoke.DirectMethodHandle$Holder.invokeInterface(java.lang.Object, java.lang.Object)'> (0x000000070d19d3d0) 
thrown [src/hotspot/share/interpreter/linkResolver.cpp, line 773]
Event: 79.010 Thread 0x00007fa6950aac00 Implicit null exception at 0x000000011c84b82c to 0x000000011c84bbe6
Event: 79.064 Thread 0x00007fa6923bd800 Exception <a 'java/lang/NoSuchMethodError'{0x000000070ceb9e20}: 'java.lang.Object java.lang.invoke.DirectMethodHandle$Holder.newInvokeSpecial(java.lang.Object, java.lang.Object, java.lang.Object, int, int, int, int, int)'> (0x000000070ceb9e20) 
thrown [src/hotspot/share/interpreter/linkResolver.cpp, line 773]

ZGC Phase Switch (0 events):
No events

VM Operations (20 events):
Event: 85.085 Executing VM operation: Cleanup done
Event: 86.087 Executing VM operation: Cleanup
Event: 86.088 Executing VM operation: Cleanup done
Event: 90.098 Executing VM operation: Cleanup
Event: 90.098 Executing VM operation: Cleanup done
Event: 91.101 Executing VM operation: Cleanup
Event: 91.101 Executing VM operation: Cleanup done
Event: 92.103 Executing VM operation: Cleanup
Event: 92.103 Executing VM operation: Cleanup done
Event: 94.113 Executing VM operation: Cleanup
Event: 94.114 Executing VM operation: Cleanup done
Event: 97.122 Executing VM operation: Cleanup
Event: 97.123 Executing VM operation: Cleanup done
Event: 98.123 Executing VM operation: Cleanup
Event: 98.124 Executing VM operation: Cleanup done
Event: 99.129 Executing VM operation: Cleanup
Event: 99.129 Executing VM operation: Cleanup done
Event: 101.138 Executing VM operation: Cleanup
Event: 101.139 Executing VM operation: Cleanup done
Event: 104.153 Executing VM operation: G1CollectForAllocation (G1 Evacuation Pause)

Memory protections (20 events):
Event: 84.101 Protecting memory [0x0000000310235000,0x0000000310239000] with protection modes 3
Event: 89.117 Protecting memory [0x000000031043b000,0x000000031043f000] with protection modes 3
Event: 96.646 Protecting memory [0x0000000310343000,0x0000000310347000] with protection modes 0
Event: 96.716 Protecting memory [0x0000000310343000,0x0000000310347000] with protection modes 3
Event: 96.728 Protecting memory [0x0000000310343000,0x0000000310347000] with protection modes 0
Event: 96.799 Protecting memory [0x0000000310343000,0x0000000310347000] with protection modes 3
Event: 96.810 Protecting memory [0x0000000310343000,0x0000000310347000] with protection modes 0
Event: 96.884 Protecting memory [0x0000000310343000,0x0000000310347000] with protection modes 3
Event: 96.891 Protecting memory [0x0000000310343000,0x0000000310347000] with protection modes 0
Event: 96.967 Protecting memory [0x0000000310343000,0x0000000310347000] with protection modes 3
Event: 96.974 Protecting memory [0x0000000310343000,0x0000000310347000] with protection modes 0
Event: 97.046 Protecting memory [0x0000000310343000,0x0000000310347000] with protection modes 3
Event: 97.055 Protecting memory [0x0000000310343000,0x0000000310347000] with protection modes 0
Event: 97.127 Protecting memory [0x0000000310343000,0x0000000310347000] with protection modes 3
Event: 97.137 Protecting memory [0x0000000310343000,0x0000000310347000] with protection modes 0
Event: 97.209 Protecting memory [0x0000000310343000,0x0000000310347000] with protection modes 3
Event: 97.219 Protecting memory [0x0000000310343000,0x0000000310347000] with protection modes 0
Event: 97.289 Protecting memory [0x0000000310343000,0x0000000310347000] with protection modes 3
Event: 97.302 Protecting memory [0x0000000310343000,0x0000000310347000] with protection modes 0
Event: 97.374 Protecting memory [0x0000000310343000,0x0000000310347000] with protection modes 3

Nmethod flushes (0 events):
No events

Events (20 events):
Event: 84.101 Thread 0x00007fa6923bd800 Thread exited: 0x00007fa6923bd800
Event: 89.117 Thread 0x00007fa691379a00 Thread exited: 0x00007fa691379a00
Event: 96.646 Thread 0x00007fa69510a400 Thread added: 0x00007fa69208aa00
Event: 96.716 Thread 0x00007fa69208aa00 Thread exited: 0x00007fa69208aa00
Event: 96.728 Thread 0x00007fa69510a400 Thread added: 0x00007fa6950d0400
Event: 96.799 Thread 0x00007fa6950d0400 Thread exited: 0x00007fa6950d0400
Event: 96.810 Thread 0x00007fa69510a400 Thread added: 0x00007fa69137a600
Event: 96.884 Thread 0x00007fa69137a600 Thread exited: 0x00007fa69137a600
Event: 96.891 Thread 0x00007fa69510a400 Thread added: 0x00007fa620820e00
Event: 96.967 Thread 0x00007fa620820e00 Thread exited: 0x00007fa620820e00
Event: 96.974 Thread 0x00007fa69510a400 Thread added: 0x00007fa6920e9600
Event: 97.046 Thread 0x00007fa6920e9600 Thread exited: 0x00007fa6920e9600
Event: 97.055 Thread 0x00007fa69510a400 Thread added: 0x00007fa620820e00
Event: 97.127 Thread 0x00007fa620820e00 Thread exited: 0x00007fa620820e00
Event: 97.137 Thread 0x00007fa69510a400 Thread added: 0x00007fa6915cf000
Event: 97.209 Thread 0x00007fa6915cf000 Thread exited: 0x00007fa6915cf000
Event: 97.219 Thread 0x00007fa69510a400 Thread added: 0x00007fa6950d0400
Event: 97.289 Thread 0x00007fa6950d0400 Thread exited: 0x00007fa6950d0400
Event: 97.302 Thread 0x00007fa69510a400 Thread added: 0x00007fa69208aa00
Event: 97.374 Thread 0x00007fa69208aa00 Thread exited: 0x00007fa69208aa00


Dynamic libraries:
0x000000010d189000 	/Users/bartholemieuxdoxy/.p2/pool/plugins/org.eclipse.justj.openjdk.hotspot.jre.full.macosx.x86_64_21.0.9.v20251105-0741/jre/lib/libjli.dylib
0x00007ff911cc6000 	/System/Library/Frameworks/Cocoa.framework/Versions/A/Cocoa
0x00007ff81801a000 	/System/Library/Frameworks/AppKit.framework/Versions/C/AppKit
0x00007ff81b8ed000 	/System/Library/Frameworks/CoreData.framework/Versions/A/CoreData
0x00007ff815424000 	/System/Library/Frameworks/Foundation.framework/Versions/C/Foundation
0x00007ff82435b000 	/usr/lib/libSystem.B.dylib
0x00007ff819815000 	/System/Library/PrivateFrameworks/UIFoundation.framework/Versions/A/UIFoundation
0x00007ffb2ba3b000 	/System/Library/PrivateFrameworks/CollectionViewCore.framework/Versions/A/CollectionViewCore
0x00007ff821283000 	/System/Library/PrivateFrameworks/XCTTargetBootstrap.framework/Versions/A/XCTTargetBootstrap
0x00007ff8271a4000 	/System/Library/PrivateFrameworks/InternationalSupport.framework/Versions/A/InternationalSupport
0x00007ff8274f6000 	/System/Library/PrivateFrameworks/UserActivity.framework/Versions/A/UserActivity
0x00007ff81c01c000 	/System/Library/PrivateFrameworks/BaseBoard.framework/Versions/A/BaseBoard
0x00007ffc13a79000 	/System/Library/PrivateFrameworks/FrontBoard.framework/Versions/A/FrontBoard
0x00007ff82f03a000 	/System/Library/PrivateFrameworks/FrontBoardServices.framework/Versions/A/FrontBoardServices
0x00007ffd2bf22000 	/usr/lib/libRosetta.dylib
0x00007ffd1fc02000 	/System/Library/PrivateFrameworks/UIIntelligenceSupport.framework/Versions/A/UIIntelligenceSupport
0x00007ffb215c5000 	/System/Library/Frameworks/SwiftUICore.framework/Versions/A/SwiftUICore
0x00007ffd25afe000 	/System/Library/PrivateFrameworks/WritingTools.framework/Versions/A/WritingTools
0x00007ffd24a92000 	/System/Library/PrivateFrameworks/WindowManagement.framework/Versions/A/WindowManagement
0x00007ff8150af000 	/System/Library/Frameworks/SystemConfiguration.framework/Versions/A/SystemConfiguration
0x00007ff8263b8000 	/usr/lib/libspindump.dylib
0x00007ff8199fb000 	/System/Library/Frameworks/UniformTypeIdentifiers.framework/Versions/A/UniformTypeIdentifiers
0x00007ff8234e2000 	/usr/lib/libbsm.0.dylib
0x00007ff81eb68000 	/usr/lib/libapp_launch_measurement.dylib
0x00007ff81d729000 	/System/Library/PrivateFrameworks/CoreAnalytics.framework/Versions/A/CoreAnalytics
0x00007ff81eb6b000 	/System/Library/PrivateFrameworks/CoreAutoLayout.framework/Versions/A/CoreAutoLayout
0x00007ff820806000 	/System/Library/Frameworks/Metal.framework/Versions/A/Metal
0x00007ff821c30000 	/usr/lib/liblangid.dylib
0x00007ff821288000 	/System/Library/PrivateFrameworks/CoreSVG.framework/Versions/A/CoreSVG
0x00007ff81a46b000 	/System/Library/PrivateFrameworks/SkyLight.framework/Versions/A/SkyLight
0x00007ffc137d2000 	/System/Library/PrivateFrameworks/FocusEngine.framework/Versions/A/FocusEngine
0x00007ff81a9ad000 	/System/Library/Frameworks/CoreGraphics.framework/Versions/A/CoreGraphics
0x00007ffc11740000 	/System/Library/PrivateFrameworks/DesignLibrary.framework/Versions/A/DesignLibrary
0x00007ff82d04d000 	/System/Library/Frameworks/Accelerate.framework/Versions/A/Accelerate
0x00007ff8261aa000 	/System/Library/PrivateFrameworks/IconServices.framework/Versions/A/IconServices
0x00007ff8207e2000 	/System/Library/Frameworks/IOSurface.framework/Versions/A/IOSurface
0x00007ff81d757000 	/usr/lib/libDiagnosticMessagesClient.dylib
0x00007ff824266000 	/usr/lib/libz.1.dylib
0x00007ff831626000 	/System/Library/Frameworks/ApplicationServices.framework/Versions/A/ApplicationServices
0x00007ff821270000 	/System/Library/PrivateFrameworks/DFRFoundation.framework/Versions/A/DFRFoundation
0x00007ff8178bb000 	/usr/lib/libicucore.A.dylib
0x00007ff8286a4000 	/System/Library/Frameworks/AudioToolbox.framework/Versions/A/AudioToolbox
0x00007ff8274ad000 	/System/Library/PrivateFrameworks/DataDetectorsCore.framework/Versions/A/DataDetectorsCore
0x00007ffd206f0000 	/System/Library/PrivateFrameworks/UpdateCycle.framework/Versions/A/UpdateCycle
0x00007ff9234b9000 	/System/Library/PrivateFrameworks/TextInput.framework/Versions/A/TextInput
0x00007ff81a3b6000 	/usr/lib/libMobileGestalt.dylib
0x00007ff820f91000 	/System/Library/Frameworks/Carbon.framework/Versions/A/Frameworks/HIToolbox.framework/Versions/A/HIToolbox
0x00007ff81e3fc000 	/System/Library/Frameworks/QuartzCore.framework/Versions/A/QuartzCore
0x00007ff8174bc000 	/System/Library/Frameworks/Security.framework/Versions/A/Security
0x00007ff82c9c0000 	/System/Library/Frameworks/Carbon.framework/Versions/A/Frameworks/SpeechRecognition.framework/Versions/A/SpeechRecognition
0x00007ff81e839000 	/System/Library/PrivateFrameworks/CoreUI.framework/Versions/A/CoreUI
0x00007ff816d13000 	/System/Library/Frameworks/CoreAudio.framework/Versions/A/CoreAudio
0x00007ff81d845000 	/System/Library/Frameworks/DiskArbitration.framework/Versions/A/DiskArbitration
0x00007ff826842000 	/System/Library/PrivateFrameworks/MultitouchSupport.framework/Versions/A/MultitouchSupport
0x00007ff81a3b5000 	/usr/lib/libenergytrace.dylib
0x00007ff916ac1000 	/System/Library/PrivateFrameworks/RenderBox.framework/Versions/A/RenderBox
0x00007ff817ee1000 	/System/Library/Frameworks/IOKit.framework/Versions/A/IOKit
0x00007ff82cdda000 	/System/Library/Frameworks/CoreServices.framework/Versions/A/CoreServices
0x00007ff81eb00000 	/System/Library/PrivateFrameworks/PerformanceAnalysis.framework/Versions/A/PerformanceAnalysis
0x00007ffb1986f000 	/System/Library/Frameworks/OpenGL.framework/Versions/A/OpenGL
0x00007ff81ebb5000 	/usr/lib/libxml2.2.dylib
0x00007ff8233d1000 	/System/Library/PrivateFrameworks/MobileKeyBag.framework/Versions/A/MobileKeyBag
0x00007ff813d95000 	/usr/lib/libobjc.A.dylib
0x00007ff814100000 	/usr/lib/libc++.1.dylib
0x00007ff82cd51000 	/System/Library/Frameworks/Accessibility.framework/Versions/A/Accessibility
0x00007ff81b2cd000 	/System/Library/Frameworks/ColorSync.framework/Versions/A/ColorSync
0x00007ff814227000 	/System/Library/Frameworks/CoreFoundation.framework/Versions/A/CoreFoundation
0x00007ff821609000 	/System/Library/Frameworks/CoreImage.framework/Versions/A/CoreImage
0x00007ff816ad0000 	/System/Library/Frameworks/CoreText.framework/Versions/A/CoreText
0x00007ffb1bf14000 	/System/Library/Frameworks/CoreTransferable.framework/Versions/A/CoreTransferable
0x00007ffb1c378000 	/System/Library/Frameworks/DataDetection.framework/Versions/A/DataDetection
0x00007ffb1c38a000 	/System/Library/Frameworks/DeveloperToolsSupport.framework/Versions/A/DeveloperToolsSupport
0x00007ff8212c3000 	/System/Library/Frameworks/ImageIO.framework/Versions/A/ImageIO
0x00007ffb224bb000 	/System/Library/Frameworks/Symbols.framework/Versions/A/Symbols
0x00007ff92834d000 	/System/Library/PrivateFrameworks/AttributeGraph.framework/Versions/A/AttributeGraph
0x00007ff82f11a000 	/System/Library/PrivateFrameworks/BoardServices.framework/Versions/A/BoardServices
0x00007ffa2c8d3000 	/System/Library/PrivateFrameworks/FeatureFlags.framework/Versions/A/FeatureFlags
0x00007ffc1c5be000 	/System/Library/PrivateFrameworks/Gestures.framework/Versions/A/Gestures
0x00007ff824360000 	/System/Library/PrivateFrameworks/SoftLinking.framework/Versions/A/SoftLinking
0x00007ffa170b1000 	/usr/lib/swift/libswiftAccelerate.dylib
0x00007ff92d5ec000 	/usr/lib/swift/libswiftCompression.dylib
0x00007ff8280b6000 	/usr/lib/swift/libswiftCore.dylib
0x00007ff91f5f3000 	/usr/lib/swift/libswiftCoreFoundation.dylib
0x00007ff91f640000 	/usr/lib/swift/libswiftCoreImage.dylib
0x00007ff82edd0000 	/usr/lib/swift/libswiftDispatch.dylib
0x00007ff91f641000 	/usr/lib/swift/libswiftIOKit.dylib
0x00007ff92d5df000 	/usr/lib/swift/libswiftMetal.dylib
0x00007ffa1c7f5000 	/usr/lib/swift/libswiftOSLog.dylib
0x00007ff831ba6000 	/usr/lib/swift/libswiftObjectiveC.dylib
0x00007ffd2d247000 	/usr/lib/swift/libswiftObservation.dylib
0x00007ffa127a3000 	/usr/lib/swift/libswiftQuartzCore.dylib
0x00007ffd2d3ae000 	/usr/lib/swift/libswiftSynchronization.dylib
0x00007ffa170a2000 	/usr/lib/swift/libswiftUniformTypeIdentifiers.dylib
0x00007ff91f603000 	/usr/lib/swift/libswiftXPC.dylib
0x00007ffd2d3e4000 	/usr/lib/swift/libswift_Builtin_float.dylib
0x00007ffd2d3e7000 	/usr/lib/swift/libswift_Concurrency.dylib
0x00007ff831baa000 	/usr/lib/swift/libswiftos.dylib
0x00007ff92328c000 	/usr/lib/swift/libswiftsimd.dylib
0x00007ff824556000 	/usr/lib/libcompression.dylib
0x00007ff8270e6000 	/System/Library/PrivateFrameworks/TextureIO.framework/Versions/A/TextureIO
0x00007ff81b478000 	/System/Library/Frameworks/ApplicationServices.framework/Versions/A/Frameworks/HIServices.framework/Versions/A/HIServices
0x00007ff825d8e000 	/usr/lib/libate.dylib
0x00007ff824355000 	/usr/lib/system/libcache.dylib
0x00007ff82430d000 	/usr/lib/system/libcommonCrypto.dylib
0x00007ff824337000 	/usr/lib/system/libcompiler_rt.dylib
0x00007ff82432b000 	/usr/lib/system/libcopyfile.dylib
0x00007ff813f1f000 	/usr/lib/system/libcorecrypto.dylib
0x00007ff81402b000 	/usr/lib/system/libdispatch.dylib
0x00007ff813dda000 	/usr/lib/system/libdyld.dylib
0x00007ff82434b000 	/usr/lib/system/libkeymgr.dylib
0x00007ff8242f2000 	/usr/lib/system/libmacho.dylib
0x00007ff8234bd000 	/usr/lib/system/libquarantine.dylib
0x00007ff824348000 	/usr/lib/system/libremovefile.dylib
0x00007ff81a431000 	/usr/lib/system/libsystem_asl.dylib
0x00007ff813ea8000 	/usr/lib/system/libsystem_blocks.dylib
0x00007ff814076000 	/usr/lib/system/libsystem_c.dylib
0x00007ff82433f000 	/usr/lib/system/libsystem_collections.dylib
0x00007ff821c1f000 	/usr/lib/system/libsystem_configuration.dylib
0x00007ff8207ab000 	/usr/lib/system/libsystem_containermanager.dylib
0x00007ff823dbc000 	/usr/lib/system/libsystem_coreservices.dylib
0x00007ff817b66000 	/usr/lib/system/libsystem_darwin.dylib
0x00007ffd2d721000 	/usr/lib/system/libsystem_darwindirectory.dylib
0x00007ff82434c000 	/usr/lib/system/libsystem_dnssd.dylib
0x00007ffd2d726000 	/usr/lib/system/libsystem_eligibility.dylib
0x00007ff814073000 	/usr/lib/system/libsystem_featureflags.dylib
0x00007ff8141f8000 	/usr/lib/system/libsystem_info.dylib
0x00007ff82427a000 	/usr/lib/system/libsystem_m.dylib
0x00007ff813fde000 	/usr/lib/system/libsystem_malloc.dylib
0x00007ff81a39b000 	/usr/lib/system/libsystem_networkextension.dylib
0x00007ff817fae000 	/usr/lib/system/libsystem_notify.dylib
0x00007ff821c23000 	/usr/lib/system/libsystem_sandbox.dylib
0x00007ffd2d730000 	/usr/lib/system/libsystem_sanitizers.dylib
0x00007ff824344000 	/usr/lib/system/libsystem_secinit.dylib
0x00007ff8141a3000 	/usr/lib/system/libsystem_kernel.dylib
0x00007ff8141ee000 	/usr/lib/system/libsystem_platform.dylib
0x00007ff8141e1000 	/usr/lib/system/libsystem_pthread.dylib
0x00007ff81c1f8000 	/usr/lib/system/libsystem_symptoms.dylib
0x00007ff813eff000 	/usr/lib/system/libsystem_trace.dylib
0x00007ffd2d739000 	/usr/lib/system/libsystem_trial.dylib
0x00007ff82431a000 	/usr/lib/system/libunwind.dylib
0x00007ff813eac000 	/usr/lib/system/libxpc.dylib
0x00007ff81418b000 	/usr/lib/libc++abi.dylib
0x00007ffd2cfcd000 	/usr/lib/libswiftPrespecialized.dylib
0x00007ff82435d000 	/usr/lib/libfakelink.dylib
0x00007ff81a005000 	/System/Library/Frameworks/CFNetwork.framework/Versions/A/CFNetwork
0x00007ff8243ae000 	/usr/lib/libarchive.2.dylib
0x00007ff82a8ad000 	/System/Library/Frameworks/Combine.framework/Versions/A/Combine
0x00007ffb2ba62000 	/System/Library/PrivateFrameworks/CollectionsInternal.framework/Versions/A/CollectionsInternal
0x00007ffc30422000 	/System/Library/PrivateFrameworks/ReflectionInternal.framework/Versions/A/ReflectionInternal
0x00007ffc31164000 	/System/Library/PrivateFrameworks/RuntimeInternal.framework/Versions/A/RuntimeInternal
0x00007ff91c6ff000 	/usr/lib/swift/libswiftDarwin.dylib
0x00007ffd2d3b6000 	/usr/lib/swift/libswiftSystem.dylib
0x00007ffd2d454000 	/usr/lib/swift/libswift_DarwinFoundation1.dylib
0x00007ffd2d53b000 	/usr/lib/swift/libswift_StringProcessing.dylib
0x00007ff817e60000 	/System/Library/PrivateFrameworks/CoreServicesInternal.framework/Versions/A/CoreServicesInternal
0x00007ff824323000 	/usr/lib/liboah.dylib
0x00007ff8310dd000 	/System/Library/PrivateFrameworks/DiskImages.framework/Versions/A/DiskImages
0x00007ff91c1c3000 	/System/Library/Frameworks/NetFS.framework/Versions/A/NetFS
0x00007ff81eb33000 	/System/Library/Frameworks/CoreServices.framework/Versions/A/Frameworks/FSEvents.framework/Versions/A/FSEvents
0x00007ff817b71000 	/System/Library/Frameworks/CoreServices.framework/Versions/A/Frameworks/CarbonCore.framework/Versions/A/CarbonCore
0x00007ff81d7bb000 	/System/Library/Frameworks/CoreServices.framework/Versions/A/Frameworks/Metadata.framework/Versions/A/Metadata
0x00007ff823dc3000 	/System/Library/Frameworks/CoreServices.framework/Versions/A/Frameworks/OSServices.framework/Versions/A/OSServices
0x00007ff824489000 	/System/Library/Frameworks/CoreServices.framework/Versions/A/Frameworks/SearchKit.framework/Versions/A/SearchKit
0x00007ff81c176000 	/System/Library/Frameworks/CoreServices.framework/Versions/A/Frameworks/AE.framework/Versions/A/AE
0x00007ff8146e1000 	/System/Library/Frameworks/CoreServices.framework/Versions/A/Frameworks/LaunchServices.framework/Versions/A/LaunchServices
0x00007ff825ac5000 	/System/Library/Frameworks/CoreServices.framework/Versions/A/Frameworks/DictionaryServices.framework/Versions/A/DictionaryServices
0x00007ff81eb41000 	/System/Library/Frameworks/CoreServices.framework/Versions/A/Frameworks/SharedFileList.framework/Versions/A/SharedFileList
0x00007ff82450b000 	/usr/lib/libapple_nghttp2.dylib
0x00007ff81bd93000 	/usr/lib/libsqlite3.dylib
0x00007ff831317000 	/System/Library/PrivateFrameworks/AppSupport.framework/Versions/A/AppSupport
0x00007ff828d19000 	/System/Library/Frameworks/GSS.framework/Versions/A/GSS
0x00007ff81c10e000 	/System/Library/PrivateFrameworks/RunningBoardServices.framework/Versions/A/RunningBoardServices
0x00007ff831b33000 	/System/Library/PrivateFrameworks/StreamingZip.framework/Versions/A/StreamingZip
0x00007ff81c200000 	/System/Library/Frameworks/Network.framework/Versions/A/Network
0x00007ff8242f6000 	/usr/lib/system/libkxld.dylib
0x00007ffb277f1000 	/System/Library/PrivateFrameworks/AppleKeyStore.framework/Versions/A/AppleKeyStore
0x00007ffd2bc7a000 	/usr/lib/libCoreEntitlements.dylib
0x00007ffc26e1e000 	/System/Library/PrivateFrameworks/MessageSecurity.framework/Versions/A/MessageSecurity
0x00007ff81bd77000 	/System/Library/PrivateFrameworks/ProtocolBuffer.framework/Versions/A/ProtocolBuffer
0x00007ff82de79000 	/System/Library/PrivateFrameworks/SymptomDiagnosticReporter.framework/Versions/A/SymptomDiagnosticReporter
0x00007ff825ec5000 	/System/Library/PrivateFrameworks/CrashReporterSupport.framework/Versions/A/CrashReporterSupport
0x00007ff823da2000 	/System/Library/PrivateFrameworks/AppleFSCompression.framework/Versions/A/AppleFSCompression
0x00007ff8234ca000 	/usr/lib/libcoretls.dylib
0x00007ff825b34000 	/usr/lib/libcoretls_cfhelpers.dylib
0x00007ff824550000 	/usr/lib/libpam.2.dylib
0x00007ff825bad000 	/usr/lib/libxar.1.dylib
0x00007ff825b36000 	/System/Library/PrivateFrameworks/APFS.framework/Versions/A/APFS
0x00007ffd1aa41000 	/System/Library/PrivateFrameworks/SwiftASN1Internal.framework/Versions/A/SwiftASN1Internal
0x00007ff825bbb000 	/usr/lib/libutil.dylib
0x00007ff821c2b000 	/System/Library/PrivateFrameworks/AppleSystemInfo.framework/Versions/A/AppleSystemInfo
0x00007ff8231cb000 	/System/Library/PrivateFrameworks/IOMobileFramebuffer.framework/Versions/A/IOMobileFramebuffer
0x00007ff91f4bf000 	/System/Library/PrivateFrameworks/LoggingSupport.framework/Versions/A/LoggingSupport
0x00007ff828d71000 	/System/Library/PrivateFrameworks/MobileAsset.framework/Versions/A/MobileAsset
0x00007ff82de88000 	/System/Library/PrivateFrameworks/PowerLog.framework/Versions/A/PowerLog
0x00007ffb21473000 	/System/Library/Frameworks/SwiftData.framework/Versions/A/SwiftData
0x00007ff81ed4b000 	/System/Library/PrivateFrameworks/UserManagement.framework/Versions/A/UserManagement
0x00007ff819f28000 	/usr/lib/libboringssl.dylib
0x00007ff81c1e7000 	/usr/lib/libdns_services.dylib
0x00007ff91e56a000 	/usr/lib/libquic.dylib
0x00007ff828040000 	/usr/lib/libusrtcp.dylib
0x00007ffb28583000 	/System/Library/PrivateFrameworks/AtomicsInternal.framework/Versions/A/AtomicsInternal
0x00007ffa25088000 	/System/Library/PrivateFrameworks/InternalSwiftProtobuf.framework/Versions/A/InternalSwiftProtobuf
0x00007ffd2d221000 	/usr/lib/swift/libswiftDistributed.dylib
0x00007ff821c2a000 	/System/Library/PrivateFrameworks/AggregateDictionary.framework/Versions/A/AggregateDictionary
0x00007ffb28c04000 	/System/Library/PrivateFrameworks/BiomeLibrary.framework/Versions/A/BiomeLibrary
0x00007ff92e57d000 	/System/Library/PrivateFrameworks/BiomeStreams.framework/Versions/A/BiomeStreams
0x00007ff92a453000 	/System/Library/PrivateFrameworks/BiomeFoundation.framework/Versions/A/BiomeFoundation
0x00007ffa145d8000 	/System/Library/PrivateFrameworks/BiomePubSub.framework/Versions/A/BiomePubSub
0x00007ff832c30000 	/System/Library/PrivateFrameworks/ProactiveSupport.framework/Versions/A/ProactiveSupport
0x00007ff825b14000 	/usr/lib/liblzma.5.dylib
0x00007ff831627000 	/System/Library/PrivateFrameworks/InternationalTextSearch.framework/Versions/A/InternationalTextSearch
0x00007ff926c48000 	/System/Library/PrivateFrameworks/SoftwareUpdateCoreSupport.framework/Versions/A/SoftwareUpdateCoreSupport
0x00007ff92ef0f000 	/System/Library/PrivateFrameworks/SoftwareUpdateCoreConnect.framework/Versions/A/SoftwareUpdateCoreConnect
0x00007ff8311c7000 	/System/Library/PrivateFrameworks/RemoteServiceDiscovery.framework/Versions/A/RemoteServiceDiscovery
0x00007ff926825000 	/System/Library/PrivateFrameworks/MSUDataAccessor.framework/Versions/A/MSUDataAccessor
0x00007ff9217eb000 	/usr/lib/libbootpolicy.dylib
0x00007ff8311de000 	/System/Library/PrivateFrameworks/RemoteXPC.framework/Versions/A/RemoteXPC
0x00007ff92e42d000 	/usr/lib/libFDR.dylib
0x00007ffa14232000 	/usr/lib/libamsupport.dylib
0x00007ffb2708e000 	/System/Library/PrivateFrameworks/AppleDeviceQuerySupport.framework/Versions/A/AppleDeviceQuerySupport
0x00007ffa172a1000 	/usr/lib/libpartition2_dynamic.dylib
0x00007ff8244e9000 	/System/Library/PrivateFrameworks/AppleSauce.framework/Versions/A/AppleSauce
0x00007ffd2bafa000 	/usr/lib/libAppleArchive.dylib
0x00007ff823dad000 	/usr/lib/libbz2.1.0.dylib
0x00007ff81d84d000 	/System/Library/Frameworks/Accelerate.framework/Versions/A/Frameworks/vImage.framework/Versions/A/vImage
0x00007ff82cdb0000 	/System/Library/Frameworks/Accelerate.framework/Versions/A/Frameworks/vecLib.framework/Versions/A/vecLib
0x00007ff825bf0000 	/System/Library/Frameworks/Accelerate.framework/Versions/A/Frameworks/vecLib.framework/Versions/A/libvMisc.dylib
0x00007ff814bf7000 	/System/Library/Frameworks/Accelerate.framework/Versions/A/Frameworks/vecLib.framework/Versions/A/libBLAS.dylib
0x00007ff81ec96000 	/System/Library/Frameworks/CoreVideo.framework/Versions/A/CoreVideo
0x00007ff82892b000 	/System/Library/Frameworks/ApplicationServices.framework/Versions/A/Frameworks/ATS.framework/Versions/A/ATS
0x00007ff827073000 	/System/Library/Frameworks/ApplicationServices.framework/Versions/A/Frameworks/PrintCore.framework/Versions/A/PrintCore
0x00007ff828ce3000 	/System/Library/Frameworks/ApplicationServices.framework/Versions/A/Frameworks/QD.framework/Versions/A/QD
0x00007ff828cdf000 	/System/Library/Frameworks/ApplicationServices.framework/Versions/A/Frameworks/ColorSyncLegacy.framework/Versions/A/ColorSyncLegacy
0x00007ff828901000 	/System/Library/Frameworks/ApplicationServices.framework/Versions/A/Frameworks/SpeechSynthesis.framework/Versions/A/SpeechSynthesis
0x00007ff820cc6000 	/System/Library/PrivateFrameworks/FontServices.framework/libFontParser.dylib
0x00007ff830efd000 	/System/Library/PrivateFrameworks/BackBoardServices.framework/Versions/A/BackBoardServices
0x00007ffb28b2a000 	/System/Library/PrivateFrameworks/BackBoardHIDEventFoundation.framework/Versions/A/BackBoardHIDEventFoundation
0x00007ff8165cc000 	/System/Library/Frameworks/CoreDisplay.framework/Versions/A/CoreDisplay
0x00007ff826887000 	/System/Library/Frameworks/VideoToolbox.framework/Versions/A/VideoToolbox
0x00007ff82454e000 	/System/Library/Frameworks/MetalPerformanceShaders.framework/Versions/A/MetalPerformanceShaders
0x00007ffc2f63f000 	/System/Library/PrivateFrameworks/ProDisplayLibrary.framework/Versions/A/ProDisplayLibrary
0x00007ff912649000 	/System/Library/PrivateFrameworks/IOSurfaceAccelerator.framework/Versions/A/IOSurfaceAccelerator
0x00007ff8207fd000 	/System/Library/PrivateFrameworks/IOAccelerator.framework/Versions/A/IOAccelerator
0x00007ff820b20000 	/System/Library/Frameworks/CoreMedia.framework/Versions/A/CoreMedia
0x00007ff81a449000 	/System/Library/PrivateFrameworks/TCC.framework/Versions/A/TCC
0x00007ff826840000 	/System/Library/PrivateFrameworks/WatchdogClient.framework/Versions/A/WatchdogClient
0x00007ffa14639000 	/System/Library/PrivateFrameworks/BiomeStorage.framework/Versions/A/BiomeStorage
0x00007ffc21d2c000 	/System/Library/PrivateFrameworks/IntelligencePlatformLibrary.framework/Versions/A/IntelligencePlatformLibrary
0x00007ffc2ea7a000 	/System/Library/PrivateFrameworks/PoirotSchematizer.framework/Versions/A/PoirotSchematizer
0x00007ffb2955a000 	/System/Library/PrivateFrameworks/BiomeSync.framework/Versions/A/BiomeSync
0x00007ffb28beb000 	/System/Library/PrivateFrameworks/BiomeDSL.framework/Versions/A/BiomeDSL
0x00007ffc2eae8000 	/System/Library/PrivateFrameworks/PoirotUDFs.framework/Versions/A/PoirotUDFs
0x00007ffc2ea4f000 	/System/Library/PrivateFrameworks/PoirotSQLite.framework/Versions/A/PoirotSQLite
0x00007ff82f652000 	/System/Library/PrivateFrameworks/CoreTime.framework/Versions/A/CoreTime
0x00007ff824396000 	/usr/lib/libiconv.2.dylib
0x00007ff8242f1000 	/usr/lib/libcharset.1.dylib
0x00007ffd2d48f000 	/usr/lib/swift/libswift_RegexParser.dylib
0x00007ffb2a964000 	/System/Library/PrivateFrameworks/CascadeSets.framework/Versions/A/CascadeSets
0x00007ff828ee1000 	/System/Library/PrivateFrameworks/CorePhoneNumbers.framework/Versions/A/CorePhoneNumbers
0x00007ff82670d000 	/System/Library/PrivateFrameworks/AppleJPEG.framework/Versions/A/AppleJPEG
0x00007ff826126000 	/usr/lib/libexpat.1.dylib
0x00007ff826f3a000 	/System/Library/Frameworks/ImageIO.framework/Versions/A/Resources/libPng.dylib
0x00007ff826f69000 	/System/Library/Frameworks/ImageIO.framework/Versions/A/Resources/libTIFF.dylib
0x00007ff82705c000 	/System/Library/Frameworks/ImageIO.framework/Versions/A/Resources/libGIF.dylib
0x00007ff826759000 	/System/Library/Frameworks/ImageIO.framework/Versions/A/Resources/libJP2.dylib
0x00007ff826ffc000 	/System/Library/Frameworks/ImageIO.framework/Versions/A/Resources/libJPEG.dylib
0x00007ff826ff3000 	/System/Library/Frameworks/ImageIO.framework/Versions/A/Resources/libRadiance.dylib
0x00007ffc19305000 	/System/Library/PrivateFrameworks/GPUCompiler.framework/Versions/32023/Libraries/libllvm-flatbuffers.dylib
0x00007ffc13a6c000 	/System/Library/PrivateFrameworks/FramePacing.framework/Versions/A/FramePacing
0x00007ffb19863000 	/System/Library/Frameworks/OpenGL.framework/Versions/A/Libraries/libCoreFSCache.dylib
0x00007ffc149da000 	/System/Library/PrivateFrameworks/GPUCompiler.framework/Versions/32023/Libraries/libGPUCompilerUtils.dylib
0x00007ff82f1e6000 	/System/Library/PrivateFrameworks/GraphicsServices.framework/Versions/A/GraphicsServices
0x00007ffa20792000 	/System/Library/PrivateFrameworks/Symbolication.framework/Versions/A/Symbolication
0x00007ffc2e675000 	/System/Library/PrivateFrameworks/PhotosensitivityProcessing.framework/Versions/A/PhotosensitivityProcessing
0x00007ffb1a52e000 	/System/Library/Frameworks/OpenCL.framework/Versions/A/OpenCL
0x00007ff826351000 	/System/Library/PrivateFrameworks/GraphVisualizer.framework/Versions/A/GraphVisualizer
0x00007ffb198c1000 	/System/Library/Frameworks/OpenGL.framework/Versions/A/Libraries/libGLU.dylib
0x00007ffb19882000 	/System/Library/Frameworks/OpenGL.framework/Versions/A/Libraries/libGFXShared.dylib
0x00007ffb19a81000 	/System/Library/Frameworks/OpenGL.framework/Versions/A/Libraries/libGL.dylib
0x00007ffb1988b000 	/System/Library/Frameworks/OpenGL.framework/Versions/A/Libraries/libGLImage.dylib
0x00007ffb1987f000 	/System/Library/Frameworks/OpenGL.framework/Versions/A/Libraries/libCVMSPluginSupport.dylib
0x00007ffb1986a000 	/System/Library/Frameworks/OpenGL.framework/Versions/A/Libraries/libCoreVMClient.dylib
0x00007ffc13977000 	/System/Library/PrivateFrameworks/FontServices.framework/Versions/A/FontServices
0x00007ff826364000 	/System/Library/PrivateFrameworks/OTSVG.framework/Versions/A/OTSVG
0x00007ff81e7ec000 	/System/Library/Frameworks/ApplicationServices.framework/Versions/A/Frameworks/ATS.framework/Versions/A/Resources/libFontRegistry.dylib
0x00007ffd2c58a000 	/usr/lib/libhvf.dylib
0x00007ffc2b9d4000 	/System/Library/PrivateFrameworks/ParsingInternal.framework/Versions/A/ParsingInternal
0x00007ffc1397b000 	/System/Library/PrivateFrameworks/FontServices.framework/libXTFontStaticRegistryData.dylib
0x00007ff821b63000 	/System/Library/Frameworks/MetalPerformanceShaders.framework/Versions/A/Frameworks/MPSCore.framework/Versions/A/MPSCore
0x00007ff823cfd000 	/System/Library/Frameworks/MetalPerformanceShaders.framework/Versions/A/Frameworks/MPSImage.framework/Versions/A/MPSImage
0x00007ff823566000 	/System/Library/Frameworks/MetalPerformanceShaders.framework/Versions/A/Frameworks/MPSNeuralNetwork.framework/Versions/A/MPSNeuralNetwork
0x00007ff823ac4000 	/System/Library/Frameworks/MetalPerformanceShaders.framework/Versions/A/Frameworks/MPSMatrix.framework/Versions/A/MPSMatrix
0x00007ff82387a000 	/System/Library/Frameworks/MetalPerformanceShaders.framework/Versions/A/Frameworks/MPSRayIntersector.framework/Versions/A/MPSRayIntersector
0x00007ff823b03000 	/System/Library/Frameworks/MetalPerformanceShaders.framework/Versions/A/Frameworks/MPSNDArray.framework/Versions/A/MPSNDArray
0x00007ffb1e44e000 	/System/Library/Frameworks/MetalPerformanceShaders.framework/Versions/A/Frameworks/MPSFunctions.framework/Versions/A/MPSFunctions
0x00007ffb1e42e000 	/System/Library/Frameworks/MetalPerformanceShaders.framework/Versions/A/Frameworks/MPSBenchmarkLoop.framework/Versions/A/MPSBenchmarkLoop
0x00007ff814a04000 	/System/Library/PrivateFrameworks/MetalTools.framework/Versions/A/MetalTools
0x00007ff924a85000 	/System/Library/PrivateFrameworks/IOAccelMemoryInfo.framework/Versions/A/IOAccelMemoryInfo
0x00007ffa12bae000 	/System/Library/PrivateFrameworks/kperf.framework/Versions/A/kperf
0x00007ff91f5d5000 	/System/Library/PrivateFrameworks/GPURawCounter.framework/Versions/A/GPURawCounter
0x00007ff82f534000 	/System/Library/PrivateFrameworks/CoreSymbolication.framework/Versions/A/CoreSymbolication
0x00007ff91f552000 	/System/Library/PrivateFrameworks/MallocStackLogging.framework/Versions/A/MallocStackLogging
0x00007ff82f515000 	/System/Library/PrivateFrameworks/DebugSymbols.framework/Versions/A/DebugSymbols
0x00007ff9314f2000 	/System/Library/PrivateFrameworks/OSAnalytics.framework/Versions/A/OSAnalytics
0x00007ffc11b6f000 	/System/Library/PrivateFrameworks/DeviceRecovery.framework/Versions/A/DeviceRecovery
0x00007ffb1c4a9000 	/System/Library/Frameworks/ExtensionFoundation.framework/Versions/A/ExtensionFoundation
0x00007ff8263aa000 	/System/Library/PrivateFrameworks/AppServerSupport.framework/Versions/A/AppServerSupport
0x00007ff826016000 	/System/Library/PrivateFrameworks/PlugInKit.framework/Versions/A/PlugInKit
0x00007ff8233e7000 	/System/Library/PrivateFrameworks/AssertionServices.framework/Versions/A/AssertionServices
0x00007ff82614b000 	/System/Library/PrivateFrameworks/IconFoundation.framework/Versions/A/IconFoundation
0x00007ffc1f1af000 	/System/Library/PrivateFrameworks/IconRendering.framework/Versions/A/IconRendering
0x00007ffc312e5000 	/System/Library/PrivateFrameworks/SFSymbols.framework/Versions/A/SFSymbols
0x00007ff8166fa000 	/System/Library/PrivateFrameworks/AudioToolboxCore.framework/Versions/A/AudioToolboxCore
0x00007ff82886f000 	/System/Library/PrivateFrameworks/AudioSession.framework/Versions/A/AudioSession
0x00007ff911ab2000 	/System/Library/Frameworks/CoreMIDI.framework/Versions/A/CoreMIDI
0x00007ff8288e9000 	/usr/lib/libAudioStatistics.dylib
0x00007ff820afb000 	/System/Library/PrivateFrameworks/caulk.framework/Versions/A/caulk
0x00007ff826f18000 	/usr/lib/libAudioToolboxUtility.dylib
0x00007ff91f5d9000 	/usr/lib/swift/libswiftCoreAudio.dylib
0x00007ff9260aa000 	/usr/lib/swift/libswiftCoreMIDI.dylib
0x00007ff828ced000 	/System/Library/PrivateFrameworks/perfdata.framework/Versions/A/perfdata
0x00007ff91e65b000 	/System/Library/PrivateFrameworks/SystemPolicy.framework/Versions/A/SystemPolicy
0x00007ff828b90000 	/usr/lib/libSMC.dylib
0x00007ff828cfb000 	/usr/lib/libperfcheck.dylib
0x00007ffb28639000 	/System/Library/PrivateFrameworks/AudioAnalytics.framework/Versions/A/AudioAnalytics
0x00007ffd2d458000 	/usr/lib/swift/libswift_DarwinFoundation2.dylib
0x00007ffd2d459000 	/usr/lib/swift/libswift_DarwinFoundation3.dylib
0x00007ffa24d95000 	/System/Library/Frameworks/OSLog.framework/Versions/A/OSLog
0x00007ff91f582000 	/usr/lib/libmis.dylib
0x00007ff82626d000 	/System/Library/PrivateFrameworks/MediaExperience.framework/Versions/A/MediaExperience
0x00007ff828654000 	/System/Library/PrivateFrameworks/AudioSession.framework/libSessionUtility.dylib
0x00007ff827062000 	/System/Library/PrivateFrameworks/CMCaptureCore.framework/Versions/A/CMCaptureCore
0x00007ff82dd62000 	/System/Library/Frameworks/CoreBluetooth.framework/Versions/A/CoreBluetooth
0x00007ff82325a000 	/System/Library/PrivateFrameworks/CoreUtils.framework/Versions/A/CoreUtils
0x00007ff9177db000 	/System/Library/PrivateFrameworks/HID.framework/Versions/A/HID
0x00007ffb3122c000 	/System/Library/PrivateFrameworks/CoreUtilsExtras.framework/Versions/A/CoreUtilsExtras
0x00007ffc1f10c000 	/System/Library/PrivateFrameworks/IO80211.framework/Versions/A/IO80211
0x00007ff82a620000 	/System/Library/Frameworks/IOBluetooth.framework/Versions/A/IOBluetooth
0x00007ffb28273000 	/System/Library/PrivateFrameworks/ArgumentParserInternal.framework/Versions/A/ArgumentParserInternal
0x00007ff825ebc000 	/usr/lib/libIOReport.dylib
0x00007ff8233f4000 	/System/Library/Frameworks/SecurityFoundation.framework/Versions/A/SecurityFoundation
0x00007ff814dcb000 	/System/Library/PrivateFrameworks/Lexicon.framework/Versions/A/Lexicon
0x00007ff82354d000 	/usr/lib/libgermantok.dylib
0x00007ff821d42000 	/System/Library/PrivateFrameworks/LinguisticData.framework/Versions/A/LinguisticData
0x00007ff82df6b000 	/System/Library/PrivateFrameworks/MediaKit.framework/Versions/A/MediaKit
0x00007ff82dec5000 	/System/Library/Frameworks/DiscRecording.framework/Versions/A/DiscRecording
0x00007ff826142000 	/usr/lib/libheimdal-asn1.dylib
0x00007ff831b0e000 	/System/Library/Frameworks/AudioUnit.framework/Versions/A/AudioUnit
0x00007ff81eb0b000 	/System/Library/Frameworks/OpenDirectory.framework/Versions/A/OpenDirectory
0x00007ff81eb17000 	/System/Library/Frameworks/OpenDirectory.framework/Versions/A/Frameworks/CFOpenDirectory.framework/Versions/A/CFOpenDirectory
0x00007ffb1ac78000 	/System/Library/Frameworks/AVFAudio.framework/Versions/A/AVFAudio
0x00007ff91872d000 	/usr/lib/libAccessibility.dylib
0x00007ffc22845000 	/System/Library/PrivateFrameworks/IsolatedCoreAudioClient.framework/Versions/A/IsolatedCoreAudioClient
0x00007ffa1aff5000 	/usr/lib/swift/libswiftCoreMedia.dylib
0x00007ffd1dedc000 	/System/Library/PrivateFrameworks/Tightbeam.framework/Versions/A/Tightbeam
0x00007ffb2d2b9000 	/System/Library/PrivateFrameworks/CoreAudioOrchestration.framework/Versions/A/CoreAudioOrchestration
0x00007ffa1775b000 	/System/Library/PrivateFrameworks/AFKUser.framework/Versions/A/AFKUser
0x00007ff82d09a000 	/System/Library/Frameworks/MediaAccessibility.framework/Versions/A/MediaAccessibility
0x00007ffd21db1000 	/System/Library/PrivateFrameworks/VideoToolboxParavirtualizationSupport.framework/Versions/A/VideoToolboxParavirtualizationSupport
0x00007ff8260d8000 	/System/Library/PrivateFrameworks/AppleVA.framework/Versions/A/AppleVA
0x00007ff826fec000 	/System/Library/PrivateFrameworks/GPUWrangler.framework/Versions/A/GPUWrangler
0x00007ff826fd0000 	/System/Library/PrivateFrameworks/IOPresentment.framework/Versions/A/IOPresentment
0x00007ff826ff6000 	/System/Library/PrivateFrameworks/DSExternalDisplay.framework/Versions/A/DSExternalDisplay
0x00007ffb280d5000 	/System/Library/PrivateFrameworks/AppleMobileFileIntegrity.framework/Versions/A/AppleMobileFileIntegrity
0x00007ffd2bf9f000 	/usr/lib/libTLE.dylib
0x00007ffb14e4e000 	/System/Library/PrivateFrameworks/ConfigProfileHelper.framework/Versions/A/ConfigProfileHelper
0x00007ffa2a9f6000 	/usr/lib/libedit.3.dylib
0x00007ffc23b82000 	/System/Library/PrivateFrameworks/MIL.framework/Versions/A/MIL
0x00007ff924a4a000 	/usr/lib/libncurses.5.4.dylib
0x00007ff823196000 	/System/Library/PrivateFrameworks/CoreEmoji.framework/Versions/A/CoreEmoji
0x00007ff815135000 	/usr/lib/libCRFSuite.dylib
0x00007ff821c32000 	/System/Library/PrivateFrameworks/CoreNLP.framework/Versions/A/CoreNLP
0x00007ff8234f2000 	/usr/lib/libmecab.dylib
0x00007ff8244e1000 	/usr/lib/libThaiTokenizer.dylib
0x00007ffa25261000 	/System/Library/PrivateFrameworks/HIDDisplay.framework/Versions/A/HIDDisplay
0x00007ff82702d000 	/System/Library/Frameworks/ApplicationServices.framework/Versions/A/Frameworks/ATSUI.framework/Versions/A/ATSUI
0x00007ff828c71000 	/usr/lib/libcups.2.dylib
0x00007ff828d0a000 	/System/Library/Frameworks/Kerberos.framework/Versions/A/Kerberos
0x00007ff82896e000 	/usr/lib/libresolv.9.dylib
0x00007ff8263bf000 	/System/Library/PrivateFrameworks/Heimdal.framework/Versions/A/Heimdal
0x00007ff831b0d000 	/System/Library/Frameworks/Kerberos.framework/Versions/A/Libraries/libHeimdalProxy.dylib
0x00007ff828d62000 	/System/Library/PrivateFrameworks/CommonAuth.framework/Versions/A/CommonAuth
0x00007ff918646000 	/System/Library/PrivateFrameworks/AXCoreUtilities.framework/Versions/A/AXCoreUtilities
0x00007ffd2ba17000 	/usr/lib/libAXSafeCategoryBundle.dylib
0x00007ff822f9f000 	/System/Library/Frameworks/Accelerate.framework/Versions/A/Frameworks/vecLib.framework/Versions/A/libvDSP.dylib
0x00007ff82463b000 	/System/Library/Frameworks/Accelerate.framework/Versions/A/Frameworks/vecLib.framework/Versions/A/libLAPACK.dylib
0x00007ff823550000 	/System/Library/Frameworks/Accelerate.framework/Versions/A/Frameworks/vecLib.framework/Versions/A/libLinearAlgebra.dylib
0x00007ff824525000 	/System/Library/Frameworks/Accelerate.framework/Versions/A/Frameworks/vecLib.framework/Versions/A/libSparseBLAS.dylib
0x00007ff824635000 	/System/Library/Frameworks/Accelerate.framework/Versions/A/Frameworks/vecLib.framework/Versions/A/libQuadrature.dylib
0x00007ff821d49000 	/System/Library/Frameworks/Accelerate.framework/Versions/A/Frameworks/vecLib.framework/Versions/A/libBNNS.dylib
0x00007ff814ed8000 	/System/Library/Frameworks/Accelerate.framework/Versions/A/Frameworks/vecLib.framework/Versions/A/libSparse.dylib
0x00007ff828cd4000 	/System/Library/PrivateFrameworks/NetAuth.framework/Versions/A/NetAuth
0x00007ff81ed0b000 	/System/Library/PrivateFrameworks/login.framework/Versions/A/Frameworks/loginsupport.framework/Versions/A/loginsupport
0x00007ff8234c0000 	/usr/lib/libCheckFix.dylib
0x00007ff81d759000 	/System/Library/PrivateFrameworks/MetadataUtilities.framework/Versions/A/MetadataUtilities
0x00007ffc1fac9000 	/System/Library/PrivateFrameworks/InstalledContentLibrary.framework/Versions/A/InstalledContentLibrary
0x00007ff817ea2000 	/System/Library/PrivateFrameworks/CoreServicesStore.framework/Versions/A/CoreServicesStore
0x00007ffa12cac000 	/System/Library/PrivateFrameworks/MobileSystemServices.framework/Versions/A/MobileSystemServices
0x00007ff825bbf000 	/usr/lib/libxslt.1.dylib
0x00007ff823483000 	/System/Library/PrivateFrameworks/BackgroundTaskManagement.framework/Versions/A/BackgroundTaskManagement
0x00007ff83128d000 	/usr/lib/libcurl.4.dylib
0x00007ffd2c337000 	/usr/lib/libcrypto.46.dylib
0x00007ffd2cf5a000 	/usr/lib/libssl.48.dylib
0x00007ff830f6d000 	/System/Library/Frameworks/LDAP.framework/Versions/A/LDAP
0x00007ff830fa8000 	/System/Library/PrivateFrameworks/TrustEvaluationAgent.framework/Versions/A/TrustEvaluationAgent
0x00007ff82898b000 	/usr/lib/libsasl2.2.dylib
0x00007ff91c6fe000 	/usr/lib/swift/libswiftCoreGraphics.dylib
0x00007ff82d760000 	/usr/lib/swift/libswiftFoundation.dylib
0x00007ffb14822000 	/usr/lib/swift/libswiftSwiftOnoneSupport.dylib
0x00007ffd2d5c4000 	/usr/lib/swift/libswiftsys_time.dylib
0x00007ffa20eb9000 	/System/Library/PrivateFrameworks/CoreMaterial.framework/Versions/A/CoreMaterial
0x00007ffd2d303000 	/usr/lib/swift/libswiftSpatial.dylib
0x00007ffd2bf9e000 	/usr/lib/libSpatial.dylib
0x00007ffd2b92e000 	/System/Library/SubFrameworks/UIUtilities.framework/Versions/A/UIUtilities
0x000000010e520000 	/Users/bartholemieuxdoxy/.p2/pool/plugins/org.eclipse.justj.openjdk.hotspot.jre.full.macosx.x86_64_21.0.9.v20251105-0741/jre/lib/server/libjvm.dylib
0x000000010d25b000 	/Users/bartholemieuxdoxy/.p2/pool/plugins/org.eclipse.justj.openjdk.hotspot.jre.full.macosx.x86_64_21.0.9.v20251105-0741/jre/lib/libjimage.dylib
0x000000010d2ea000 	/Users/bartholemieuxdoxy/.p2/pool/plugins/org.eclipse.justj.openjdk.hotspot.jre.full.macosx.x86_64_21.0.9.v20251105-0741/jre/lib/libjava.dylib
0x0000000129d75000 	/Users/bartholemieuxdoxy/.p2/pool/plugins/org.eclipse.justj.openjdk.hotspot.jre.full.macosx.x86_64_21.0.9.v20251105-0741/jre/lib/libnio.dylib
0x0000000129daf000 	/Users/bartholemieuxdoxy/.p2/pool/plugins/org.eclipse.justj.openjdk.hotspot.jre.full.macosx.x86_64_21.0.9.v20251105-0741/jre/lib/libnet.dylib
0x0000000129ecd000 	/Users/bartholemieuxdoxy/.p2/pool/plugins/org.eclipse.justj.openjdk.hotspot.jre.full.macosx.x86_64_21.0.9.v20251105-0741/jre/lib/libzip.dylib
0x000000017112d000 	/Users/bartholemieuxdoxy/.p2/pool/plugins/org.eclipse.justj.openjdk.hotspot.jre.full.macosx.x86_64_21.0.9.v20251105-0741/jre/lib/libawt.dylib
0x0000000171362000 	/Users/bartholemieuxdoxy/.p2/pool/plugins/org.eclipse.justj.openjdk.hotspot.jre.full.macosx.x86_64_21.0.9.v20251105-0741/jre/lib/libmlib_image.dylib
0x00007ffb1d5dc000 	/System/Library/Frameworks/JavaRuntimeSupport.framework/Versions/A/JavaRuntimeSupport
0x00007ff91e057000 	/System/Library/Frameworks/Carbon.framework/Versions/A/Carbon
0x00007ff914159000 	/System/Library/Frameworks/Carbon.framework/Versions/A/Frameworks/CommonPanels.framework/Versions/A/CommonPanels
0x00007ff83127a000 	/System/Library/Frameworks/Carbon.framework/Versions/A/Frameworks/Help.framework/Versions/A/Help
0x00007ff91415d000 	/System/Library/Frameworks/Carbon.framework/Versions/A/Frameworks/ImageCapture.framework/Versions/A/ImageCapture
0x00007ff91413a000 	/System/Library/Frameworks/Carbon.framework/Versions/A/Frameworks/OpenScripting.framework/Versions/A/OpenScripting
0x00007ff914158000 	/System/Library/Frameworks/Carbon.framework/Versions/A/Frameworks/Ink.framework/Versions/A/Ink
0x00007ff914155000 	/System/Library/Frameworks/Carbon.framework/Versions/A/Frameworks/SecurityHI.framework/Versions/A/SecurityHI
0x00007ffd2be19000 	/usr/lib/libInterpreterSecurity.dylib
0x00007ffa1494c000 	/System/Library/PrivateFrameworks/XprotectFramework.framework/Versions/A/XprotectFramework
0x00007ff917ae4000 	/System/Library/PrivateFrameworks/yara.framework/Versions/A/yara
0x00007ffd2be07000 	/usr/lib/libEndpointSecuritySystem.dylib
0x00000001715c0000 	/Users/bartholemieuxdoxy/.p2/pool/plugins/org.eclipse.justj.openjdk.hotspot.jre.full.macosx.x86_64_21.0.9.v20251105-0741/jre/lib/libawt_lwawt.dylib
0x0000000129fb8000 	/Users/bartholemieuxdoxy/.p2/pool/plugins/org.eclipse.justj.openjdk.hotspot.jre.full.macosx.x86_64_21.0.9.v20251105-0741/jre/lib/libosxapp.dylib
0x00007ff91c762000 	/System/Library/Frameworks/ExceptionHandling.framework/Versions/A/ExceptionHandling
0x00000001719f3000 	/Users/bartholemieuxdoxy/.p2/pool/plugins/org.eclipse.justj.openjdk.hotspot.jre.full.macosx.x86_64_21.0.9.v20251105-0741/jre/lib/libfontmanager.dylib
0x000000017189c000 	/Users/bartholemieuxdoxy/.p2/pool/plugins/org.eclipse.justj.openjdk.hotspot.jre.full.macosx.x86_64_21.0.9.v20251105-0741/jre/lib/libfreetype.dylib
0x00007ffb1af15000 	/System/Library/Frameworks/AppIntents.framework/Versions/A/AppIntents
0x00007ffb20d35000 	/System/Library/Frameworks/RelevanceKit.framework/Versions/A/RelevanceKit
0x00007ff824108000 	/System/Library/Frameworks/CoreSpotlight.framework/Versions/A/CoreSpotlight
0x00007ffc236ec000 	/System/Library/PrivateFrameworks/LinkServices.framework/Versions/A/LinkServices
0x00007ffc1201c000 	/System/Library/PrivateFrameworks/DoNotDisturb.framework/Versions/A/DoNotDisturb
0x00007ffc2356a000 	/System/Library/PrivateFrameworks/LinkMetadata.framework/Versions/A/LinkMetadata
0x00007ff91f5f9000 	/usr/lib/swift/libswiftIntents.dylib
0x00007ff924ba0000 	/System/Library/PrivateFrameworks/IntentsCore.framework/Versions/A/IntentsCore
0x00007ffb28a12000 	/System/Library/PrivateFrameworks/AvailabilityKit.framework/Versions/A/AvailabilityKit
0x00007ffb25e8a000 	/System/Library/PrivateFrameworks/AppIntentSchemas.framework/Versions/A/AppIntentSchemas
0x00007ffc198ec000 	/System/Library/PrivateFrameworks/GRDBInternal.framework/Versions/A/GRDBInternal
0x00007ffd1a2c2000 	/System/Library/PrivateFrameworks/StatusKit.framework/Versions/A/StatusKit
0x00007ff82e64f000 	/System/Library/PrivateFrameworks/GenerationalStorage.framework/Versions/A/GenerationalStorage
0x00007ff82e474000 	/System/Library/Frameworks/FileProvider.framework/Versions/A/FileProvider
0x00007ff819a11000 	/System/Library/PrivateFrameworks/DesktopServicesPriv.framework/Versions/A/DesktopServicesPriv
0x00007ff81bf7a000 	/System/Library/Frameworks/Accounts.framework/Versions/A/Accounts
0x00007ff91f09f000 	/System/Library/PrivateFrameworks/FTServices.framework/Versions/A/FTServices
0x00007ff91779c000 	/System/Library/PrivateFrameworks/CloudServices.framework/Versions/A/CloudServices
0x00007ff830ae3000 	/System/Library/PrivateFrameworks/CoreWiFi.framework/Versions/A/CoreWiFi
0x00007ff8204f6000 	/System/Library/Frameworks/CoreLocation.framework/Versions/A/CoreLocation
0x00007ff830411000 	/System/Library/Frameworks/Intents.framework/Versions/A/Intents
0x00007ffb23269000 	/System/Library/Frameworks/_LocationEssentials.framework/Versions/A/_LocationEssentials
0x00007ff8240ba000 	/System/Library/Frameworks/UserNotifications.framework/Versions/A/UserNotifications
0x00007ff82a28c000 	/System/Library/PrivateFrameworks/Sharing.framework/Versions/A/Sharing
0x00007ff829dff000 	/System/Library/PrivateFrameworks/IDSFoundation.framework/Versions/A/IDSFoundation
0x00007ff830ae2000 	/System/Library/PrivateFrameworks/Apple80211.framework/Versions/A/Apple80211
0x00007ff823def000 	/System/Library/PrivateFrameworks/AuthKit.framework/Versions/A/AuthKit
0x00007ff8231dc000 	/System/Library/Frameworks/CoreWLAN.framework/Versions/A/CoreWLAN
0x00007ff92608e000 	/usr/lib/swift/libswiftCoreLocation.dylib
0x00007ff8285aa000 	/System/Library/PrivateFrameworks/IMFoundation.framework/Versions/A/IMFoundation
0x00007ff917ae3000 	/System/Library/PrivateFrameworks/Marco.framework/Versions/A/Marco
0x00007ff81c007000 	/System/Library/PrivateFrameworks/CommonUtilities.framework/Versions/A/CommonUtilities
0x00007ff914123000 	/System/Library/PrivateFrameworks/Engram.framework/Versions/A/Engram
0x00007ffd2d264000 	/usr/lib/swift/libswiftRegexBuilder.dylib
0x00007ff9140c5000 	/usr/lib/libtidy.A.dylib
0x00007ff826695000 	/System/Library/PrivateFrameworks/Bom.framework/Versions/A/Bom
0x00007ff8289ab000 	/usr/lib/libParallelCompression.dylib
0x00007ffa2c951000 	/System/Library/PrivateFrameworks/WiFiPeerToPeer.framework/Versions/A/WiFiPeerToPeer
0x00007ffd2ca6a000 	/usr/lib/libmrc.dylib
0x00007ffc1f17d000 	/System/Library/PrivateFrameworks/IPConfiguration.framework/Versions/A/IPConfiguration
0x00007ffa20e7e000 	/System/Library/PrivateFrameworks/Netrb.framework/Versions/A/Netrb
0x00007ff82899e000 	/System/Library/PrivateFrameworks/MultiverseSupport.framework/Versions/A/MultiverseSupport
0x00007ff82df9e000 	/System/Library/PrivateFrameworks/DiskManagement.framework/Versions/A/DiskManagement
0x00007ff82deb8000 	/System/Library/PrivateFrameworks/AppleIDAuthSupport.framework/Versions/A/AppleIDAuthSupport
0x00007ffb23907000 	/System/Library/PrivateFrameworks/AAAFoundation.framework/Versions/A/AAAFoundation
0x00007ff828e9f000 	/System/Library/PrivateFrameworks/KeychainCircle.framework/Versions/A/KeychainCircle
0x00007ff91863d000 	/System/Library/PrivateFrameworks/URLFormatting.framework/Versions/A/URLFormatting
0x00007ff831282000 	/usr/lib/libcsfde.dylib
0x00007ff826061000 	/usr/lib/libCoreStorage.dylib
0x00007ff82a6f4000 	/System/Library/PrivateFrameworks/ProtectedCloudStorage.framework/Versions/A/ProtectedCloudStorage
0x00007ff83127e000 	/System/Library/PrivateFrameworks/EFILogin.framework/Versions/A/EFILogin
0x00007ff82e679000 	/System/Library/PrivateFrameworks/OctagonTrust.framework/Versions/A/OctagonTrust
0x00007ff82a96c000 	/System/Library/PrivateFrameworks/GeoServices.framework/Versions/A/GeoServices
0x00007ff82861d000 	/System/Library/PrivateFrameworks/LocationSupport.framework/Versions/A/LocationSupport
0x00007ffc1c3ee000 	/System/Library/PrivateFrameworks/GeoServicesCore.framework/Versions/A/GeoServicesCore
0x00007ff91863c000 	/System/Library/PrivateFrameworks/PhoneNumbers.framework/Versions/A/PhoneNumbers
0x00007ffc23a80000 	/System/Library/PrivateFrameworks/LocationLogEncryption.framework/Versions/A/LocationLogEncryption
0x00007ff829c1b000 	/System/Library/PrivateFrameworks/IDS.framework/Versions/A/IDS
0x00007ffa27c74000 	/System/Library/Frameworks/CryptoKit.framework/Versions/A/CryptoKit
0x00007ff831b09000 	/System/Library/PrivateFrameworks/CryptoKitCBridging.framework/Versions/A/CryptoKitCBridging
0x00007ff82f1f6000 	/System/Library/Frameworks/CryptoTokenKit.framework/Versions/A/CryptoTokenKit
0x00007ff92df68000 	/System/Library/PrivateFrameworks/FTAWD.framework/Versions/A/FTAWD
0x00007ff817fc0000 	/usr/lib/libsandbox.1.dylib
0x00007ff826059000 	/usr/lib/libMatch.1.dylib
0x00007ff831bc6000 	/System/Library/PrivateFrameworks/IntentsFoundation.framework/Versions/A/IntentsFoundation
0x00007ff81e9da000 	/System/Library/PrivateFrameworks/ViewBridge.framework/Versions/A/ViewBridge
0x00007ffb231a1000 	/System/Library/Frameworks/_AppIntents_AppKit.framework/Versions/A/_AppIntents_AppKit
0x0000000171568000 	/usr/lib/libobjc-trampolines.dylib
0x00007ff929302000 	/System/Library/CoreServices/RawCamera.bundle/Contents/MacOS/RawCamera
0x00007ff827565000 	/System/Library/Frameworks/MediaToolbox.framework/Versions/A/MediaToolbox
0x00007ff82e448000 	/System/Library/PrivateFrameworks/CoreAVCHD.framework/Versions/A/CoreAVCHD
0x00007ff82e444000 	/System/Library/PrivateFrameworks/Mangrove.framework/Versions/A/Mangrove
0x00007ffb2a131000 	/System/Library/PrivateFrameworks/CMPhoto.framework/Versions/A/CMPhoto
0x00007ff82ebf4000 	/System/Library/Frameworks/CoreTelephony.framework/Versions/A/CoreTelephony
0x00007ff82f3e6000 	/System/Library/PrivateFrameworks/AppleVPA.framework/Versions/A/AppleVPA
0x00007ff82e089000 	/System/Library/PrivateFrameworks/CoreAUC.framework/Versions/A/CoreAUC
0x00007ffb274bf000 	/System/Library/PrivateFrameworks/AppleJPEGXL.framework/Versions/A/AppleJPEGXL
0x00007ff828ef0000 	/usr/lib/libTelephonyUtilDynamic.dylib
0x00007ff926071000 	/System/Library/Frameworks/Accelerate.framework/Versions/A/Frameworks/vImage.framework/Versions/A/Libraries/libCGInterfaces.dylib
0x00007ffd2ba1b000 	/usr/lib/libAccessibilityBaseImplementations.dylib
0x00007ffd25b03000 	/System/Library/PrivateFrameworks/WritingToolsUI.framework/Versions/A/WritingToolsUI
0x00007ffc1beb0000 	/System/Library/PrivateFrameworks/GenerativeAssistantSettings.framework/Versions/A/GenerativeAssistantSettings
0x00007ffd1bdca000 	/System/Library/PrivateFrameworks/TextComposer.framework/Versions/A/TextComposer
0x00007ffc1be8c000 	/System/Library/PrivateFrameworks/GenerativeAssistantCommon.framework/Versions/A/GenerativeAssistantCommon
0x00007ff9270e4000 	/System/Library/Frameworks/SwiftUI.framework/Versions/A/SwiftUI
0x00007ffb231d2000 	/System/Library/Frameworks/_AuthenticationServices_SwiftUI.framework/Versions/A/_AuthenticationServices_SwiftUI
0x00007ffb25c18000 	/System/Library/PrivateFrameworks/Anvil.framework/Versions/A/Anvil
0x00007ff926698000 	/System/Library/PrivateFrameworks/AppStoreDaemon.framework/Versions/A/AppStoreDaemon
0x00007ff911d18000 	/System/Library/PrivateFrameworks/AppleMediaServices.framework/Versions/A/AppleMediaServices
0x00007ffc1c281000 	/System/Library/PrivateFrameworks/GenerativePartnerServiceUI.framework/Versions/A/GenerativePartnerServiceUI
0x00007ffb13e64000 	/System/Library/PrivateFrameworks/JetEngine.framework/Versions/A/JetEngine
0x00007ffd1bcbb000 	/System/Library/PrivateFrameworks/TextAnimationSupport.framework/Versions/A/TextAnimationSupport
0x00007ffc3039a000 	/System/Library/PrivateFrameworks/RecapPerformanceTesting.framework/Versions/A/RecapPerformanceTesting
0x00007ff91ffb4000 	/System/Library/PrivateFrameworks/SignpostCollection.framework/Versions/A/SignpostCollection
0x00007ffb288e1000 	/System/Library/PrivateFrameworks/AuthenticationServicesCore.framework/Versions/A/AuthenticationServicesCore
0x00007ff9297c5000 	/System/Library/Frameworks/AuthenticationServices.framework/Versions/A/AuthenticationServices
0x00007ff825ff2000 	/System/Library/PrivateFrameworks/SharedWebCredentials.framework/Versions/A/SharedWebCredentials
0x00007ff920f25000 	/System/Library/PrivateFrameworks/SafariCore.framework/Versions/A/SafariCore
0x00007ff9292b2000 	/System/Library/PrivateFrameworks/SafariFoundation.framework/Versions/A/SafariFoundation
0x00007ff82d9fc000 	/System/Library/Frameworks/Contacts.framework/Versions/A/Contacts
0x00007ffb29bdd000 	/System/Library/PrivateFrameworks/CBORLibrary.framework/Versions/A/CBORLibrary
0x00007ffb2aa06000 	/System/Library/PrivateFrameworks/Chirp.framework/Versions/A/Chirp
0x00007ffb2b44c000 	/System/Library/PrivateFrameworks/CloudSubscriptionFeatures.framework/Versions/A/CloudSubscriptionFeatures
0x00007ff82d761000 	/System/Library/PrivateFrameworks/ContactsFoundation.framework/Versions/A/ContactsFoundation
0x00007ffb15188000 	/System/Library/PrivateFrameworks/RemoteManagement.framework/Versions/A/RemoteManagement
0x00007ffc306b2000 	/System/Library/PrivateFrameworks/RemoteManagementModel.framework/Versions/A/RemoteManagementModel
0x00007ffc30742000 	/System/Library/PrivateFrameworks/RemoteManagementStore.framework/Versions/A/RemoteManagementStore
0x00007ff82a7fb000 	/usr/lib/libxcselect.dylib
0x00007ff92921c000 	/System/Library/PrivateFrameworks/DifferentialPrivacy.framework/Versions/A/DifferentialPrivacy
0x00007ffc25d2b000 	/System/Library/PrivateFrameworks/ManagedSettingsObjC.framework/Versions/A/ManagedSettingsObjC
0x00007ffc23a84000 	/System/Library/PrivateFrameworks/LockdownMode.framework/Versions/A/LockdownMode
0x00007ffd209a3000 	/System/Library/PrivateFrameworks/VDAF.framework/Versions/A/VDAF
0x00007ff82d828000 	/System/Library/PrivateFrameworks/ContactsPersistence.framework/Versions/A/ContactsPersistence
0x00007ff82c9c4000 	/System/Library/PrivateFrameworks/AppleLDAP.framework/Versions/A/AppleLDAP
0x00007ff83162a000 	/System/Library/Frameworks/ClassKit.framework/Versions/A/ClassKit
0x00007ff833965000 	/System/Library/PrivateFrameworks/CoreSuggestions.framework/Versions/A/CoreSuggestions
0x00007ff82f1ac000 	/System/Library/PrivateFrameworks/vCard.framework/Versions/A/vCard
0x00007ffb2bf78000 	/System/Library/PrivateFrameworks/ContactsMetrics.framework/Versions/A/ContactsMetrics
0x00007ff82646b000 	/System/Library/PrivateFrameworks/login.framework/Versions/A/login
0x00007ffc25d26000 	/System/Library/PrivateFrameworks/ManagedOrganizationContacts.framework/Versions/A/ManagedOrganizationContacts
0x00007ff81f178000 	/System/Library/PrivateFrameworks/CloudDocs.framework/Versions/A/CloudDocs
0x00007ff918002000 	/System/Library/PrivateFrameworks/ProactiveEventTracker.framework/Versions/A/ProactiveEventTracker
0x00007ff828a4f000 	/System/Library/PrivateFrameworks/CoreFollowUp.framework/Versions/A/CoreFollowUp
0x00007ff832db2000 	/System/Library/PrivateFrameworks/ConfigurationProfiles.framework/Versions/A/ConfigurationProfiles
0x00007ffb3147e000 	/System/Library/PrivateFrameworks/DMCUtilities.framework/Versions/A/DMCUtilities
0x00007ffc23afb000 	/System/Library/PrivateFrameworks/MDMClientLibrary.framework/Versions/A/MDMClientLibrary
0x00007ffc30737000 	/System/Library/PrivateFrameworks/RemoteManagementProtocol.framework/Versions/A/RemoteManagementProtocol
0x00007ff82d0af000 	/System/Library/PrivateFrameworks/SystemAdministration.framework/Versions/A/SystemAdministration
0x00007ff915f8f000 	/System/Library/PrivateFrameworks/PowerlogControl.framework/Versions/A/PowerlogControl
0x00007ff915f91000 	/usr/lib/libUniversalAccess.dylib
0x00007ff912653000 	/System/Library/PrivateFrameworks/FamilyControls.framework/Versions/A/FamilyControls
0x00007ff82c99c000 	/System/Library/Frameworks/DirectoryService.framework/Versions/A/DirectoryService
0x00007ff831311000 	/System/Library/PrivateFrameworks/LoginUIKit.framework/Versions/A/Frameworks/LoginUICore.framework/Versions/A/LoginUICore
0x00007ff826694000 	/usr/lib/libodfde.dylib
0x00007ff91264e000 	/System/Library/PrivateFrameworks/UniversalAccess.framework/Versions/A/Libraries/libUAPreferences.dylib
0x00007ff912676000 	/System/Library/PrivateFrameworks/CommerceKit.framework/Versions/A/Frameworks/CommerceCore.framework/Versions/A/CommerceCore
0x00007ffb313f5000 	/System/Library/PrivateFrameworks/DEPClientLibrary.framework/Versions/A/DEPClientLibrary
0x00007ffb3141a000 	/System/Library/PrivateFrameworks/DMCEnrollmentLibrary.framework/Versions/A/DMCEnrollmentLibrary
0x00007ff91606a000 	/System/Library/PrivateFrameworks/SetupAssistantFramework.framework/Versions/A/SetupAssistantFramework
0x00007ff831968000 	/System/Library/PrivateFrameworks/AuthKitUI.framework/Versions/A/AuthKitUI
0x00007ff831356000 	/System/Library/PrivateFrameworks/AppSSO.framework/Versions/A/AppSSO
0x00007ff926406000 	/System/Library/PrivateFrameworks/LocalAuthenticationUI.framework/Versions/A/LocalAuthenticationUI
0x00007ffc2e6cd000 	/System/Library/PrivateFrameworks/PlatformSSO.framework/Versions/A/PlatformSSO
0x00007ffc2e7cc000 	/System/Library/PrivateFrameworks/PlatformSSOCore.framework/Versions/A/PlatformSSOCore
0x00007ffb1d663000 	/System/Library/Frameworks/LocalAuthenticationEmbeddedUI.framework/Versions/A/LocalAuthenticationEmbeddedUI
0x00007ff926eb9000 	/System/Library/PrivateFrameworks/AOSUI.framework/Versions/A/AOSUI
0x00007ff917de5000 	/System/Library/Frameworks/ContactsUI.framework/Versions/A/ContactsUI
0x00007ff82dc73000 	/System/Library/PrivateFrameworks/FamilyCircle.framework/Versions/A/FamilyCircle
0x00007ffa14d6e000 	/System/Library/Frameworks/LinkPresentation.framework/Versions/A/LinkPresentation
0x00007ff9179d8000 	/System/Library/PrivateFrameworks/IASUtilities.framework/Versions/A/IASUtilities
0x00007ffc1f06e000 	/System/Library/PrivateFrameworks/IASUtilitiesCore.framework/Versions/A/IASUtilitiesCore
0x00007ff91ffc2000 	/System/Library/PrivateFrameworks/OnBoardingKit.framework/Versions/A/OnBoardingKit
0x00007ffc307a8000 	/System/Library/PrivateFrameworks/RemoteUI.framework/Versions/A/RemoteUI
0x00007ff91c7d7000 	/System/Library/Frameworks/WebKit.framework/Versions/A/WebKit
0x00007ff91415f000 	/System/Library/Frameworks/JavaScriptCore.framework/Versions/A/JavaScriptCore
0x00007ffc23023000 	/System/Library/PrivateFrameworks/LiftUI.framework/Versions/A/LiftUI
0x00007ffd1294b000 	/System/Library/PrivateFrameworks/Settings.framework/Versions/A/Settings
0x00007ffd264c9000 	/System/Library/PrivateFrameworks/_IconServices_SwiftUI.framework/Versions/A/_IconServices_SwiftUI
0x00007ffb1b928000 	/System/Library/Frameworks/BrowserEngineCore.framework/Versions/A/BrowserEngineCore
0x00007ff91167c000 	/System/Library/Frameworks/WebKit.framework/Versions/A/Frameworks/WebKitLegacy.framework/Versions/A/WebKitLegacy
0x00007ff831912000 	/System/Library/PrivateFrameworks/CorePrediction.framework/Versions/A/CorePrediction
0x00007ff81f80d000 	/System/Library/Frameworks/WebKit.framework/Versions/A/Frameworks/WebCore.framework/Versions/A/Frameworks/libwebrtc.dylib
0x00007ff91c764000 	/System/Library/PrivateFrameworks/SafariSafeBrowsing.framework/Versions/A/SafariSafeBrowsing
0x00007ff828a17000 	/System/Library/Frameworks/SecurityInterface.framework/Versions/A/SecurityInterface
0x00007ff91ffc1000 	/System/Library/PrivateFrameworks/WebInspectorUI.framework/Versions/A/WebInspectorUI
0x00007ff91875b000 	/System/Library/Frameworks/WebKit.framework/Versions/A/Frameworks/WebCore.framework/Versions/A/WebCore
0x00007ffb22d9c000 	/System/Library/Frameworks/WebKit.framework/Versions/A/Frameworks/WebCore.framework/Versions/A/Frameworks/libANGLE-shared.dylib
0x00007ffd2455b000 	/System/Library/PrivateFrameworks/WebGPU.framework/Versions/A/WebGPU
0x00007ff921f5d000 	/System/Library/Frameworks/SceneKit.framework/Versions/A/SceneKit
0x00007ffa13553000 	/System/Library/Frameworks/ModelIO.framework/Versions/A/ModelIO
0x00007ff82a7de000 	/System/Library/Frameworks/MetalKit.framework/Versions/A/MetalKit
0x00007ff82ccd5000 	/System/Library/Frameworks/GLKit.framework/Versions/A/GLKit
0x00007ffd2d878000 	/usr/lib/usd/libusd_ms.dylib
0x00007ffd1fe6f000 	/System/Library/PrivateFrameworks/USDLib_FormatLoaderProxy.framework/Versions/A/USDLib_FormatLoaderProxy
0x00007ffd2d5bf000 	/usr/lib/swift/libswift_errno.dylib
0x00007ff91f07f000 	/System/Library/PrivateFrameworks/CoreOptimization.framework/Versions/A/CoreOptimization
0x00007ffb1c5c9000 	/System/Library/Frameworks/ExtensionKit.framework/Versions/A/ExtensionKit
0x00007ffb2b398000 	/System/Library/PrivateFrameworks/CloudSettings.framework/Versions/A/CloudSettings
0x00007ffb1c607000 	/System/Library/Frameworks/FSKit.framework/Versions/A/FSKit
0x00007ffc2386b000 	/System/Library/PrivateFrameworks/LiveFS.framework/Versions/A/LiveFS
0x00007ff833a33000 	/System/Library/Frameworks/EventKit.framework/Versions/A/EventKit
0x00007ff9201cd000 	/System/Library/PrivateFrameworks/SearchFoundation.framework/Versions/A/SearchFoundation
0x00007ffa16e1a000 	/System/Library/PrivateFrameworks/Email.framework/Versions/A/Email
0x00007ff91ec8d000 	/System/Library/PrivateFrameworks/CoreRoutine.framework/Versions/A/CoreRoutine
0x00007ffb14b42000 	/System/Library/PrivateFrameworks/VoiceShortcutClient.framework/Versions/A/VoiceShortcutClient
0x00007ff92eac3000 	/System/Library/PrivateFrameworks/Categories.framework/Versions/A/Categories
0x00007ff926d7a000 	/System/Library/PrivateFrameworks/ChronoServices.framework/Versions/A/ChronoServices
0x00007ffb2a529000 	/System/Library/PrivateFrameworks/CalendarDatabase.framework/Versions/A/CalendarDatabase
0x00007ffb2a473000 	/System/Library/PrivateFrameworks/CalendarDaemon.framework/Versions/A/CalendarDaemon
0x00007ff832d16000 	/System/Library/PrivateFrameworks/CalendarFoundation.framework/Versions/A/CalendarFoundation
0x00007ff832cd1000 	/System/Library/PrivateFrameworks/iCalendar.framework/Versions/A/iCalendar
0x00007ffb3166f000 	/System/Library/PrivateFrameworks/DataAccessExpress.framework/Versions/A/DataAccessExpress
0x00007ff917f34000 	/System/Library/PrivateFrameworks/ContactsAutocomplete.framework/Versions/A/ContactsAutocomplete
0x00007ffd2d3cd000 	/usr/lib/swift/libswiftVideoToolbox.dylib
0x00007ff926cc3000 	/System/Library/PrivateFrameworks/FTClientServices.framework/Versions/A/FTClientServices
0x00007ffc2b0ea000 	/System/Library/PrivateFrameworks/OSEligibility.framework/Versions/A/OSEligibility
0x00007ffd1a80b000 	/System/Library/PrivateFrameworks/StorageContainersPrivate.framework/Versions/A/StorageContainersPrivate
0x00007ffd2d21d000 	/usr/lib/swift/libswiftCoreMediaIO.dylib
0x00007ff917858000 	/System/Library/PrivateFrameworks/CoreDAV.framework/Versions/A/CoreDAV
0x00007ff833904000 	/System/Library/PrivateFrameworks/CalDAV.framework/Versions/A/CalDAV
0x00007ff91c46f000 	/System/Library/PrivateFrameworks/TelephonyUtilities.framework/Versions/A/TelephonyUtilities
0x00007ffb1d628000 	/System/Library/Frameworks/LiveCommunicationKit.framework/Versions/A/LiveCommunicationKit
0x00007ffb2bb96000 	/System/Library/PrivateFrameworks/CommunicationTrust.framework/Versions/A/CommunicationTrust
0x00007ff920d42000 	/System/Library/Frameworks/CallKit.framework/Versions/A/CallKit
0x00007ff82dc6c000 	/System/Library/PrivateFrameworks/CommunicationsFilter.framework/Versions/A/CommunicationsFilter
0x00007ffa2ab30000 	/System/Library/PrivateFrameworks/IMTransferServices.framework/Versions/A/IMTransferServices
0x00007ff91f099000 	/System/Library/PrivateFrameworks/IncomingCallFilter.framework/Versions/A/IncomingCallFilter
0x00007ffc2983b000 	/System/Library/PrivateFrameworks/NeighborhoodActivityConduit.framework/Versions/A/NeighborhoodActivityConduit
0x00007ff9232ac000 	/System/Library/PrivateFrameworks/CallHistory.framework/Versions/A/CallHistory
0x00007ffd2bc67000 	/usr/lib/libBASupport.dylib
0x00007ffb2a8e1000 	/System/Library/PrivateFrameworks/CallsUtilities.framework/Versions/A/CallsUtilities
0x00007ffb2a8eb000 	/System/Library/PrivateFrameworks/CallsXPC.framework/Versions/A/CallsXPC
0x00007ffb152bf000 	/usr/lib/swift/libswiftCallKit.dylib
0x00007ffb2a8d6000 	/System/Library/PrivateFrameworks/CallsPersistence.framework/Versions/A/CallsPersistence
0x00007ffb20ff1000 	/System/Library/Frameworks/SensitiveContentAnalysis.framework/Versions/A/SensitiveContentAnalysis
0x00007ff924418000 	/System/Library/PrivateFrameworks/PeopleSuggester.framework/Versions/A/PeopleSuggester
0x00007ff92d8ef000 	/System/Library/PrivateFrameworks/SpotlightReceiver.framework/Versions/A/SpotlightReceiver
0x00007ffd26496000 	/System/Library/PrivateFrameworks/_AppIntentsServices_AppIntents.framework/Versions/A/_AppIntentsServices_AppIntents
0x00007ffb25eeb000 	/System/Library/PrivateFrameworks/AppIntentsServices.framework/Versions/A/AppIntentsServices
0x00007ff832cbb000 	/System/Library/PrivateFrameworks/CoreRecents.framework/Versions/A/CoreRecents
0x00007ffb1cc2f000 	/System/Library/Frameworks/GeoToolbox.framework/Versions/A/GeoToolbox
0x00007ffb2323e000 	/System/Library/Frameworks/_GeoToolbox_AppIntents.framework/Versions/A/_GeoToolbox_AppIntents
0x00007ffa2094c000 	/System/Library/PrivateFrameworks/DiagnosticRequest.framework/Versions/A/DiagnosticRequest
0x00007ffd263f1000 	/System/Library/PrivateFrameworks/XPCDistributed.framework/Versions/A/XPCDistributed
0x00007ffc3042a000 	/System/Library/PrivateFrameworks/RegulatoryDomain.framework/Versions/A/RegulatoryDomain
0x00007ff82cdae000 	/usr/lib/libCTGreenTeaLogger.dylib
0x00007ffc23a5e000 	/System/Library/PrivateFrameworks/LocalStatusKit.framework/Versions/A/LocalStatusKit
0x00007ff91c353000 	/System/Library/PrivateFrameworks/CoreParsec.framework/Versions/A/CoreParsec
0x00007ffa16e0e000 	/System/Library/PrivateFrameworks/EmailAddressing.framework/Versions/A/EmailAddressing
0x00007ffa12d70000 	/System/Library/PrivateFrameworks/EmailCore.framework/Versions/A/EmailCore
0x00007ffa13e39000 	/System/Library/PrivateFrameworks/EmailFoundation.framework/Versions/A/EmailFoundation
0x00007ffc2c555000 	/System/Library/PrivateFrameworks/PegasusAPI.framework/Versions/A/PegasusAPI
0x00007ffc2cedf000 	/System/Library/PrivateFrameworks/PegasusConfiguration.framework/Versions/A/PegasusConfiguration
0x00007ffd1e7ea000 	/System/Library/PrivateFrameworks/ToolKit.framework/Versions/A/ToolKit
0x00007ffc30ab9000 	/System/Library/PrivateFrameworks/ReplicatorEngine.framework/Versions/A/ReplicatorEngine
0x00007ffc30c1e000 	/System/Library/PrivateFrameworks/ReplicatorServices.framework/Versions/A/ReplicatorServices
0x00007ffd1b697000 	/System/Library/PrivateFrameworks/SystemWake.framework/Versions/A/SystemWake
0x00007ff920f0c000 	/System/Library/PrivateFrameworks/ContextKit.framework/Versions/A/ContextKit
0x00007ffb2c0c6000 	/System/Library/PrivateFrameworks/ContextKitCore.framework/Versions/A/ContextKitCore
0x00007ff91f30e000 	/System/Library/Frameworks/LocalAuthentication.framework/Support/DaemonUtils.framework/Versions/A/DaemonUtils
0x00007ffc239fa000 	/System/Library/PrivateFrameworks/LocalAuthenticationCoreUI.framework/Versions/A/LocalAuthenticationCoreUI
0x00007ff922915000 	/System/Library/PrivateFrameworks/BridgeXPC.framework/Versions/A/BridgeXPC
0x00007ff920093000 	/System/Library/PrivateFrameworks/CoreKDL.framework/Versions/A/CoreKDL
0x00007ff91e654000 	/System/Library/PrivateFrameworks/EmbeddedOSSupportHost.framework/Versions/A/EmbeddedOSSupportHost
0x00007ff9130f3000 	/System/Library/PrivateFrameworks/LoginUIKit.framework/Versions/A/LoginUIKit
0x00007ff92ef24000 	/System/Library/PrivateFrameworks/StorageKit.framework/Versions/A/StorageKit
0x00007ffb16c17000 	/System/Library/Frameworks/DeviceCheck.framework/Versions/A/DeviceCheck
0x00007ff92ef9c000 	/System/Library/PrivateFrameworks/CoreWLANKit.framework/Versions/A/CoreWLANKit
0x00007ffd23a5a000 	/System/Library/PrivateFrameworks/Wallpaper.framework/Versions/A/Wallpaper
0x00007ffd2d234000 	/usr/lib/swift/libswiftGLKit.dylib
0x00007ffd2d23f000 	/usr/lib/swift/libswiftMetalKit.dylib
0x00007ffd2d243000 	/usr/lib/swift/libswiftModelIO.dylib
0x00007ffd2d300000 	/usr/lib/swift/libswiftSceneKit.dylib
0x00007ffc11d46000 	/System/Library/PrivateFrameworks/DiskImages2.framework/Versions/A/DiskImages2
0x00007ffa17c87000 	/System/Library/PrivateFrameworks/DynamicDesktop.framework/Versions/A/DynamicDesktop
0x00007ffd23ba8000 	/System/Library/PrivateFrameworks/WallpaperFoundation.framework/Versions/A/WallpaperFoundation
0x00007ffd23bf5000 	/System/Library/PrivateFrameworks/WallpaperTypes.framework/Versions/A/WallpaperTypes
0x00007ffa2c6ee000 	/System/Library/PrivateFrameworks/SystemDesktopAppearance.framework/Versions/A/SystemDesktopAppearance
0x00007ffd2947f000 	/System/Library/PrivateFrameworks/icloudMCCKit.framework/Versions/A/icloudMCCKit
0x00007ffb26dc5000 	/System/Library/PrivateFrameworks/AppleAccountUI.framework/Versions/A/AppleAccountUI
0x00007ffa20e87000 	/System/Library/PrivateFrameworks/PreferencePanesSupport.framework/Versions/A/PreferencePanesSupport
0x00007ff92705f000 	/System/Library/PrivateFrameworks/FindMyDeviceUI.framework/Versions/A/FindMyDeviceUI
0x00007ffd270f7000 	/System/Library/PrivateFrameworks/iCloudQuotaUI.framework/Versions/A/iCloudQuotaUI
0x00007ffa21047000 	/System/Library/PrivateFrameworks/CoreCDPUI.framework/Versions/A/CoreCDPUI
0x00007ff920c83000 	/System/Library/PrivateFrameworks/CoreFollowUpUI.framework/Versions/A/CoreFollowUpUI
0x00007ff92db80000 	/System/Library/PrivateFrameworks/IMCore.framework/Versions/A/IMCore
0x00007ff915ff5000 	/System/Library/PrivateFrameworks/CoreCDP.framework/Versions/A/CoreCDP
0x00007ff911d04000 	/System/Library/PrivateFrameworks/AskPermission.framework/Versions/A/AskPermission
0x00007ff924b10000 	/System/Library/Frameworks/Quartz.framework/Versions/A/Quartz
0x00007ff931637000 	/System/Library/PrivateFrameworks/CloudPhotoServicesConfiguration.framework/Versions/A/CloudPhotoServicesConfiguration
0x00007ff9230d0000 	/System/Library/PrivateFrameworks/CommerceKit.framework/Versions/A/CommerceKit
0x00007ffa12e34000 	/System/Library/PrivateFrameworks/FindMyMac.framework/Versions/A/FindMyMac
0x00007ffa12d16000 	/System/Library/Frameworks/PreferencePanes.framework/Versions/A/PreferencePanes
0x00007ff9264f3000 	/System/Library/Frameworks/AddressBook.framework/Versions/A/AddressBook
0x00007ff8330de000 	/System/Library/PrivateFrameworks/AOSAccounts.framework/Versions/A/AOSAccounts
0x00007ff82d0aa000 	/System/Library/PrivateFrameworks/AppleSRP.framework/Versions/A/AppleSRP
0x00007ff91f236000 	/System/Library/Frameworks/SafariServices.framework/Versions/A/SafariServices
0x00007ff831b1b000 	/System/Library/PrivateFrameworks/NetFSServer.framework/Versions/A/NetFSServer
0x00007ff921e29000 	/System/Library/Frameworks/PDFKit.framework/Versions/A/PDFKit
0x00007ffb224d5000 	/System/Library/Frameworks/TabularData.framework/Versions/A/TabularData
0x00007ffd2d258000 	/usr/lib/swift/libswiftPassKit.dylib
0x00007ffa2516c000 	/System/Library/Frameworks/PassKit.framework/Versions/A/PassKit
0x00007ff9131f7000 	/System/Library/PrivateFrameworks/PassKitCore.framework/Versions/A/PassKitCore
0x00007ffc2bf93000 	/System/Library/PrivateFrameworks/PassKitMacHelperTemp.framework/Versions/A/PassKitMacHelperTemp
0x00007ffd2bb9b000 	/usr/lib/libAppleSSE.dylib
0x00007ff91f341000 	/System/Library/PrivateFrameworks/BiometricKit.framework/Versions/A/BiometricKit
0x00007ffc311f8000 	/System/Library/PrivateFrameworks/SEService.framework/Versions/A/SEService
0x00007ffb1c6c0000 	/System/Library/Frameworks/FinanceKit.framework/Versions/A/FinanceKit
0x00007ff924bbd000 	/System/Library/PrivateFrameworks/NearField.framework/Versions/A/NearField
0x00007ffd2bf42000 	/usr/lib/libSESShared.dylib
0x00007ffc313da000 	/System/Library/PrivateFrameworks/STSXPCHelperClient.framework/Versions/A/STSXPCHelperClient
0x00007ff9268df000 	/usr/lib/libnfshared.dylib
0x00007ffd1b44b000 	/System/Library/PrivateFrameworks/Symptoms.framework/Versions/A/Frameworks/SymptomPresentationFeed.framework/Versions/A/SymptomPresentationFeed
0x00007ffb27894000 	/System/Library/PrivateFrameworks/AppleMediaServicesKitInternal.framework/Versions/A/AppleMediaServicesKitInternal
0x00007ffb284fa000 	/System/Library/PrivateFrameworks/AsyncAlgorithmsInternal.framework/Versions/A/AsyncAlgorithmsInternal
0x00007ffd1b185000 	/System/Library/PrivateFrameworks/SymptomShared.framework/Versions/A/SymptomShared
0x00007ffa27ec1000 	/System/Library/PrivateFrameworks/PassKitUIFoundation.framework/Versions/A/PassKitUIFoundation
0x00007ff82c9d5000 	/System/Library/Frameworks/MapKit.framework/Versions/A/MapKit
0x00007ffc1c313000 	/System/Library/PrivateFrameworks/GeoAnalytics.framework/Versions/A/GeoAnalytics
0x00007ff92690d000 	/System/Library/PrivateFrameworks/Navigation.framework/Versions/A/Navigation
0x00007ff9304e8000 	/System/Library/PrivateFrameworks/VectorKit.framework/Versions/A/VectorKit
0x00007ff917a92000 	/System/Library/PrivateFrameworks/VirtualGarage.framework/Versions/A/VirtualGarage
0x00007ff926b03000 	/System/Library/Frameworks/ExternalAccessory.framework/ExternalAccessory
0x00007ff926b1d000 	/System/Library/PrivateFrameworks/IAP.framework/Versions/A/IAP
0x00007ff82cc9f000 	/System/Library/PrivateFrameworks/IOPlatformPluginFamily.framework/Versions/A/IOPlatformPluginFamily
0x00007ffb28a15000 	/System/Library/PrivateFrameworks/AvatarKit.framework/Versions/A/AvatarKit
0x00007ffb28adf000 	/System/Library/PrivateFrameworks/AvatarPersistence.framework/Versions/A/AvatarPersistence
0x00007ffb22800000 	/System/Library/Frameworks/TipKit.framework/Versions/A/TipKit
0x00007ff912d41000 	/System/Library/PrivateFrameworks/IMSharedUtilities.framework/Versions/A/IMSharedUtilities
0x00007ffd2d201000 	/usr/lib/swift/libswiftAppleArchive.dylib
0x00007ffd20a97000 	/System/Library/PrivateFrameworks/VFX.framework/Versions/A/VFX
0x00007ffa22ec3000 	/System/Library/PrivateFrameworks/AppleCVA.framework/Versions/A/AppleCVA
0x00007ffb28ade000 	/System/Library/PrivateFrameworks/AvatarKitContent.framework/Versions/A/AvatarKitContent
0x00007ffb1e3a7000 	/System/Library/Frameworks/MetalFX.framework/Versions/A/MetalFX
0x00007ffb2bc83000 	/System/Library/PrivateFrameworks/CompositorNonUI.framework/Versions/A/CompositorNonUI
0x00007ffb1ac77000 	/System/Library/Frameworks/ARKit.framework/Versions/A/ARKit
0x00007ffb249fc000 	/System/Library/PrivateFrameworks/ARKitCore.framework/Versions/A/ARKitCore
0x00007ffd2bc94000 	/usr/lib/libDisplayWarpSupport.dylib
0x00007ffb2d3df000 	/System/Library/PrivateFrameworks/CoreComposite.framework/Versions/A/CoreComposite
0x00007ffd2c02e000 	/usr/lib/libchannel.dylib
0x00007ffd2ce6d000 	/usr/lib/librealtime_safety.dylib
0x00007ffb24a88000 	/System/Library/PrivateFrameworks/ARKitFoundation.framework/Versions/A/ARKitFoundation
0x00007ffb26e53000 	/System/Library/PrivateFrameworks/AppleDepth.framework/Versions/A/AppleDepth
0x00007ffb27016000 	/System/Library/PrivateFrameworks/AppleDepthCore.framework/Versions/A/AppleDepthCore
0x00007ff82cddb000 	/System/Library/PrivateFrameworks/CoreAppleCVA.framework/Versions/A/CoreAppleCVA
0x00007ff917bd4000 	/System/Library/PrivateFrameworks/ContactsUICore.framework/Versions/A/ContactsUICore
0x00007ff91f19f000 	/System/Library/PrivateFrameworks/ContactsDonation.framework/Versions/A/ContactsDonation
0x00007ff91ea5c000 	/System/Library/PrivateFrameworks/DataDetectors.framework/Versions/A/DataDetectors
0x00007ff8338f2000 	/System/Library/Frameworks/MediaLibrary.framework/Versions/A/MediaLibrary
0x00007ff82dc5d000 	/System/Library/PrivateFrameworks/PersonaKit.framework/Versions/A/PersonaKit
0x00007ff917bc3000 	/System/Library/PrivateFrameworks/PersonaUI.framework/Versions/A/PersonaUI
0x00007ffa12734000 	/System/Library/PrivateFrameworks/Transparency.framework/Versions/A/Transparency
0x00007ffc13536000 	/System/Library/PrivateFrameworks/FindMyLocate.framework/Versions/A/FindMyLocate
0x00007ff920c03000 	/System/Library/PrivateFrameworks/IntlPreferences.framework/Versions/A/IntlPreferences
0x00007ffc13433000 	/System/Library/PrivateFrameworks/FindMyCommon.framework/Versions/A/FindMyCommon
0x00007ffc1327c000 	/System/Library/PrivateFrameworks/FindMyBase.framework/Versions/A/FindMyBase
0x00007ffb1fd7e000 	/System/Library/Frameworks/NearbyInteraction.framework/Versions/A/NearbyInteraction
0x00007ff82d89f000 	/System/Library/PrivateFrameworks/AddressBookCore.framework/Versions/A/AddressBookCore
0x00007ff926677000 	/System/Library/PrivateFrameworks/ToneKit.framework/Versions/A/ToneKit
0x00007ff920c49000 	/System/Library/PrivateFrameworks/ToneLibrary.framework/Versions/A/ToneLibrary
0x00007ffb2bf4e000 	/System/Library/PrivateFrameworks/ContactsAccounts.framework/Versions/A/ContactsAccounts
0x00007ff924a30000 	/System/Library/PrivateFrameworks/Lookup.framework/Versions/A/Lookup
0x00007ffb205a1000 	/System/Library/Frameworks/QuickLookUI.framework/Versions/A/QuickLookUI
0x00007ffb20f71000 	/System/Library/Frameworks/ScreenCaptureKit.framework/Versions/A/ScreenCaptureKit
0x00007ff92195b000 	/System/Library/Frameworks/Quartz.framework/Versions/A/Frameworks/QuartzComposer.framework/Versions/A/QuartzComposer
0x00007ff920bda000 	/System/Library/Frameworks/Quartz.framework/Versions/A/Frameworks/QuartzFilters.framework/Versions/A/QuartzFilters
0x00007ff91fb69000 	/System/Library/Frameworks/Quartz.framework/Versions/A/Frameworks/ImageKit.framework/Versions/A/ImageKit
0x00007ff91e056000 	/System/Library/PrivateFrameworks/CorePDF.framework/Versions/A/CorePDF
0x00007ff82a77b000 	/System/Library/Frameworks/QuickLook.framework/Versions/A/QuickLook
0x00007ff9130ee000 	/System/Library/PrivateFrameworks/DisplayServices.framework/Versions/A/DisplayServices
0x00007ff920b58000 	/System/Library/Frameworks/ImageCaptureCore.framework/Versions/A/ImageCaptureCore
0x00007ffd229f6000 	/System/Library/PrivateFrameworks/VisionKitCore.framework/Versions/A/VisionKitCore
0x00007ff91c324000 	/System/Library/PrivateFrameworks/QuickLookSupport.framework/Versions/A/QuickLookSupport
0x00007ffc2664c000 	/System/Library/PrivateFrameworks/MediaAnalysisServices.framework/Versions/A/MediaAnalysisServices
0x00007ff923972000 	/System/Library/PrivateFrameworks/PhotoLibraryServices.framework/Versions/A/PhotoLibraryServices
0x00007ff92074a000 	/System/Library/Frameworks/Photos.framework/Versions/A/Photos
0x00007ffa15169000 	/System/Library/PrivateFrameworks/PhotosFormats.framework/Versions/A/PhotosFormats
0x00007ffa1167c000 	/System/Library/PrivateFrameworks/CloudPhotoLibrary.framework/Versions/A/CloudPhotoLibrary
0x00007ffa1a96c000 	/System/Library/PrivateFrameworks/CloudPhotoServices.framework/Versions/A/CloudPhotoServices
0x00007ffa16f77000 	/System/Library/PrivateFrameworks/CoreMediaStream.framework/Versions/A/CoreMediaStream
0x00007ff82e6aa000 	/System/Library/PrivateFrameworks/CPAnalytics.framework/Versions/A/CPAnalytics
0x00007ffa13485000 	/System/Library/PrivateFrameworks/MediaConversionService.framework/Versions/A/MediaConversionService
0x00007ff912d2f000 	/System/Library/PrivateFrameworks/PhotoFoundation.framework/Versions/A/PhotoFoundation
0x00007ffc2d465000 	/System/Library/PrivateFrameworks/PhotoLibraryServicesCore.framework/Versions/A/PhotoLibraryServicesCore
0x00007ff92d2ee000 	/System/Library/PrivateFrameworks/MMCS.framework/Versions/A/MMCS
0x00007ff83372f000 	/System/Library/PrivateFrameworks/ChunkingLibrary.framework/Versions/A/ChunkingLibrary
0x00007ff82d07a000 	/System/Library/PrivateFrameworks/AssetCacheServices.framework/Versions/A/AssetCacheServices
0x00007ff82f2e7000 	/System/Library/PrivateFrameworks/AVFoundationCF.framework/Versions/A/AVFoundationCF
0x00007ffa2aa2a000 	/usr/lib/swift/libswiftDemangle.dylib
0x00007ffc1f22e000 	/System/Library/PrivateFrameworks/ImageCaptureDevices.framework/Versions/A/ImageCaptureDevices
0x00007ff91ed20000 	/System/Library/PrivateFrameworks/MediaStream.framework/Versions/A/MediaStream
0x00007ffa13979000 	/System/Library/PrivateFrameworks/NeutrinoCore.framework/Versions/A/NeutrinoCore
0x00007ff81b7fa000 	/System/Library/PrivateFrameworks/NLP.framework/Versions/A/NLP
0x00007ffa196cf000 	/System/Library/PrivateFrameworks/PhotoImaging.framework/Versions/A/PhotoImaging
0x00007ffa1a92c000 	/System/Library/PrivateFrameworks/PhotosImagingFoundation.framework/Versions/A/PhotosImagingFoundation
0x00007ffc2e01c000 	/System/Library/PrivateFrameworks/PhotosIntelligenceCore.framework/Versions/A/PhotosIntelligenceCore
0x00007ff82f742000 	/System/Library/PrivateFrameworks/EmbeddedAcousticRecognition.framework/Versions/A/EmbeddedAcousticRecognition
0x00007ff92838f000 	/System/Library/PrivateFrameworks/EmojiFoundation.framework/Versions/A/EmojiFoundation
0x00007ffa11901000 	/System/Library/PrivateFrameworks/SDAPI.framework/Versions/A/SDAPI
0x00007ffa1a97a000 	/System/Library/PrivateFrameworks/AutoLoop.framework/Versions/A/AutoLoop
0x00007ffc2eb0d000 	/System/Library/PrivateFrameworks/Portrait.framework/Versions/A/Portrait
0x00007ffc13b44000 	/System/Library/PrivateFrameworks/FusionTracker.framework/Versions/A/FusionTracker
0x00007ff9213ea000 	/System/Library/PrivateFrameworks/iTunesCloud.framework/Versions/A/iTunesCloud
0x00007ff92a4ab000 	/System/Library/PrivateFrameworks/DAAPKit.framework/Versions/A/DAAPKit
0x00007ff91c69e000 	/System/Library/PrivateFrameworks/DeviceManagement.framework/Versions/A/DeviceManagement
0x00007ffa2089f000 	/System/Library/PrivateFrameworks/ScreenTimeUI.framework/Versions/A/ScreenTimeUI
0x00007ff91ea56000 	/System/Library/PrivateFrameworks/QuickLookNonBaseSystem.framework/Versions/A/QuickLookNonBaseSystem
0x00007ff91f274000 	/System/Library/PrivateFrameworks/Catalyst.framework/Versions/A/Catalyst
0x00007ff920de4000 	/System/Library/PrivateFrameworks/ScreenTimeCore.framework/Versions/A/ScreenTimeCore
0x00007ffa145d1000 	/System/Library/PrivateFrameworks/ScreenTimeServiceUI.framework/Versions/A/ScreenTimeServiceUI
0x00007ff92d48b000 	/System/Library/PrivateFrameworks/ConfigurationEngineModel.framework/Versions/A/ConfigurationEngineModel
0x00007ff93049a000 	/System/Library/PrivateFrameworks/UsageTracking.framework/Versions/A/UsageTracking
0x00007ffb1c39e000 	/System/Library/Frameworks/DeviceActivity.framework/Versions/A/DeviceActivity
0x00007ff93046c000 	/System/Library/PrivateFrameworks/KnowledgeMonitor.framework/Versions/A/KnowledgeMonitor
0x00007ffa27e68000 	/System/Library/PrivateFrameworks/BluetoothManager.framework/Versions/A/BluetoothManager
0x00007ffb1d72e000 	/System/Library/Frameworks/ManagedSettings.framework/Versions/A/ManagedSettings
0x00007ffc25d6c000 	/System/Library/PrivateFrameworks/ManagedSettingsSupport.framework/Versions/A/ManagedSettingsSupport
0x00007ffa2526d000 	/System/Library/Frameworks/ReplayKit.framework/Versions/A/ReplayKit
0x00007ff9140f7000 	/System/Library/PrivateFrameworks/MarkupUI.framework/Versions/A/MarkupUI
0x00007ff91ea30000 	/System/Library/PrivateFrameworks/SidecarCore.framework/Versions/A/SidecarCore
0x00007ff9217fd000 	/System/Library/PrivateFrameworks/AnnotationKit.framework/Versions/A/AnnotationKit
0x00007ff91fdc9000 	/System/Library/Frameworks/PencilKit.framework/Versions/A/PencilKit
0x00007ff91ffa1000 	/System/Library/PrivateFrameworks/SidecarUI.framework/Versions/A/SidecarUI
0x00007ff91f642000 	/System/Library/PrivateFrameworks/CoreHandwriting.framework/Versions/A/CoreHandwriting
0x00007ff81516c000 	/usr/lib/libmecabra.dylib
0x00007ff91813b000 	/System/Library/PrivateFrameworks/Calculate.framework/Versions/A/Calculate
0x00007ff825be9000 	/usr/lib/libChineseTokenizer.dylib
0x00007ffb150b1000 	/System/Library/PrivateFrameworks/ScreenReaderCore.framework/Versions/A/ScreenReaderCore
0x00007ffd1a7b2000 	/System/Library/PrivateFrameworks/StocksKit.framework/Versions/A/StocksKit
0x00007ff9171c2000 	/System/Library/PrivateFrameworks/OAuth.framework/Versions/A/OAuth
0x00007ffd1a501000 	/System/Library/PrivateFrameworks/StocksCore.framework/Versions/A/StocksCore
0x00007ffd1b960000 	/System/Library/PrivateFrameworks/TeaFoundation.framework/Versions/A/TeaFoundation
0x00007ffd1badf000 	/System/Library/PrivateFrameworks/TeaSettings.framework/Versions/A/TeaSettings
0x00007ffa2bf5a000 	/System/Library/PrivateFrameworks/NewsCore.framework/Versions/A/NewsCore
0x00007ffd1b90a000 	/System/Library/PrivateFrameworks/TeaDB.framework/Versions/A/TeaDB
0x00007ffa2900a000 	/System/Library/PrivateFrameworks/RemoteConfiguration.framework/Versions/A/RemoteConfiguration
0x00007ffa2bb00000 	/System/Library/PrivateFrameworks/NewsTransport.framework/Versions/A/NewsTransport
0x00007ffa2bf4c000 	/System/Library/PrivateFrameworks/NewsFoundation.framework/Versions/A/NewsFoundation
0x00007ffc29df9000 	/System/Library/PrivateFrameworks/NewsURLBucket.framework/Versions/A/NewsURLBucket
0x00007ff923484000 	/System/Library/PrivateFrameworks/MobileInstallation.framework/Versions/A/MobileInstallation
0x00007ffb2294e000 	/System/Library/Frameworks/Translation.framework/Versions/A/Translation
0x00007ffa1c2a2000 	/System/Library/PrivateFrameworks/RevealCore.framework/Versions/A/RevealCore
0x00007ffa1c297000 	/System/Library/PrivateFrameworks/Reveal.framework/Versions/A/Reveal
0x00007ffa142d3000 	/System/Library/Frameworks/Speech.framework/Versions/A/Speech
0x00007ffb23a1f000 	/System/Library/PrivateFrameworks/AIMLExperimentationAnalytics.framework/Versions/A/AIMLExperimentationAnalytics
0x00007ffb25b13000 	/System/Library/PrivateFrameworks/AlgorithmsInternal.framework/Versions/A/AlgorithmsInternal
0x00007ffd1eef5000 	/System/Library/PrivateFrameworks/TranslationUIServices.framework/Versions/A/TranslationUIServices
0x00007ffd1e019000 	/System/Library/PrivateFrameworks/TipKitCore.framework/Versions/A/TipKitCore
0x00007ff92840f000 	/System/Library/PrivateFrameworks/CoreCDPInternal.framework/Versions/A/CoreCDPInternal
0x00007ffc1f8fb000 	/System/Library/PrivateFrameworks/InputAnalytics.framework/Versions/A/InputAnalytics
0x00007ff92e41d000 	/System/Library/Frameworks/InstantMessage.framework/Versions/A/InstantMessage
0x00007ff926400000 	/System/Library/PrivateFrameworks/IDSKVStore.framework/Versions/A/IDSKVStore
0x00007ff9260ec000 	/System/Library/PrivateFrameworks/IMDPersistence.framework/Versions/A/IMDPersistence
0x00007ffd2099a000 	/System/Library/PrivateFrameworks/UserSafety.framework/Versions/A/UserSafety
0x00007ffa27133000 	/System/Library/PrivateFrameworks/BlastDoor.framework/Versions/A/BlastDoor
0x00007ffc236bd000 	/System/Library/PrivateFrameworks/LinkPresentationStyleSheetParsing.framework/Versions/A/LinkPresentationStyleSheetParsing
0x00007ffc2ecbe000 	/System/Library/PrivateFrameworks/PosterFoundation.framework/Versions/A/PosterFoundation
0x00007ffc2ed48000 	/System/Library/PrivateFrameworks/PosterModel.framework/Versions/A/PosterModel
0x00007ffc2ed26000 	/System/Library/PrivateFrameworks/PosterFuturesKit.framework/Versions/A/PosterFuturesKit
0x00007ffc130b7000 	/System/Library/PrivateFrameworks/FeedbackService.framework/Versions/A/FeedbackService
0x00007ff91f0f9000 	/System/Library/PrivateFrameworks/CoreSDB.framework/Versions/A/CoreSDB
0x00007ffb28303000 	/System/Library/PrivateFrameworks/AskToCore.framework/Versions/A/AskToCore
0x00007ffa21044000 	/System/Library/PrivateFrameworks/MachineSettings.framework/Versions/A/MachineSettings
0x00007ffa12c9a000 	/System/Library/PrivateFrameworks/BezelServices.framework/Versions/A/BezelServices
0x00007ff92a53b000 	/System/Library/PrivateFrameworks/SPOwner.framework/Versions/A/SPOwner
0x00007ff923132000 	/System/Library/PrivateFrameworks/FMCore.framework/Versions/A/FMCore
0x00007ff92294a000 	/System/Library/PrivateFrameworks/AppleMediaServicesUI.framework/Versions/A/AppleMediaServicesUI
0x00007ffd27058000 	/System/Library/PrivateFrameworks/iCloudQuota.framework/Versions/A/iCloudQuota
0x00007ff917b2f000 	/System/Library/PrivateFrameworks/CoreRecognition.framework/Versions/A/CoreRecognition
0x00007ffa12d4c000 	/System/Library/PrivateFrameworks/InAppMessages.framework/Versions/A/InAppMessages
0x00007ffb13d85000 	/System/Library/PrivateFrameworks/JetUI.framework/Versions/A/JetUI
0x00007ffc22b4e000 	/System/Library/PrivateFrameworks/JetPack.framework/Versions/A/JetPack
0x00007ffa12d44000 	/System/Library/PrivateFrameworks/InAppMessagesCore.framework/Versions/A/InAppMessagesCore
0x00007ffd264d6000 	/System/Library/PrivateFrameworks/_JetEngine_SwiftUI.framework/Versions/A/_JetEngine_SwiftUI
0x00007ffd1b473000 	/System/Library/PrivateFrameworks/Synapse.framework/Versions/A/Synapse
0x00007ffb2a300000 	/System/Library/PrivateFrameworks/CSExattrCrypto.framework/Versions/A/CSExattrCrypto
0x00007ff92472a000 	/System/Library/PrivateFrameworks/StoreFoundation.framework/Versions/A/StoreFoundation
0x00007ff92312c000 	/System/Library/PrivateFrameworks/ServerInformation.framework/Versions/A/ServerInformation
0x00007ff922b56000 	/System/Library/PrivateFrameworks/Install.framework/Frameworks/DistributionKit.framework/Versions/A/DistributionKit
0x00007ff91c0e9000 	/System/Library/PrivateFrameworks/PackageKit.framework/Versions/A/PackageKit
0x00007ff922b77000 	/System/Library/PrivateFrameworks/OSPersonalization.framework/Versions/A/OSPersonalization
0x00007ff924c99000 	/System/Library/PrivateFrameworks/BridgeOSSoftwareUpdate.framework/Versions/A/BridgeOSSoftwareUpdate
0x00007ff91f562000 	/System/Library/PrivateFrameworks/StorageManagement.framework/Versions/A/StorageManagement
0x00007ffa1415e000 	/usr/lib/libauthinstall.dylib
0x00007ff924ca1000 	/System/Library/PrivateFrameworks/InstallerDiagnostics.framework/Versions/A/InstallerDiagnostics
0x00007ffa1479f000 	/usr/lib/libcrypto.42.dylib
0x00007ffd2d763000 	/usr/lib/updaters/libAppleTconUARPUpdater.dylib
0x00007ff924c89000 	/System/Library/PrivateFrameworks/GPUInfo.framework/Versions/A/GPUInfo
0x00007ffa12e3a000 	/System/Library/PrivateFrameworks/MobileActivationMacOS.framework/Versions/A/MobileActivationMacOS
0x00007ff917100000 	/System/Library/PrivateFrameworks/AccountsDaemon.framework/Versions/A/AccountsDaemon
0x00007ffc1c263000 	/System/Library/PrivateFrameworks/GenerativePartnerService.framework/Versions/A/GenerativePartnerService
0x00007ff828e4e000 	/System/Library/PrivateFrameworks/CacheDelete.framework/Versions/A/CacheDelete
0x00007ff831c37000 	/System/Library/Frameworks/QuickLookThumbnailing.framework/Versions/A/QuickLookThumbnailing
0x00007ff924ce9000 	/System/Library/PrivateFrameworks/AOSKit.framework/Versions/A/AOSKit
0x00007ff825ed8000 	/System/Library/PrivateFrameworks/AppSSOCore.framework/Versions/A/AppSSOCore
0x00007ff91e439000 	/System/Library/Frameworks/AVFoundation.framework/Versions/A/AVFoundation
0x00007ffb28b75000 	/System/Library/PrivateFrameworks/BackgroundSystemTasks.framework/Versions/A/BackgroundSystemTasks
0x00007ff831b53000 	/System/Library/PrivateFrameworks/DuetActivityScheduler.framework/Versions/A/DuetActivityScheduler
0x00007ff93158f000 	/System/Library/PrivateFrameworks/NetworkServiceProxy.framework/Versions/A/NetworkServiceProxy
0x00007ff82cd0f000 	/usr/lib/libnetworkextension.dylib
0x00007ff82f65c000 	/System/Library/PrivateFrameworks/Rapport.framework/Versions/A/Rapport
0x00007ffd1b194000 	/System/Library/PrivateFrameworks/Symptoms.framework/Versions/A/Frameworks/SymptomAnalytics.framework/Versions/A/SymptomAnalytics
0x00007ff829926000 	/System/Library/Frameworks/NetworkExtension.framework/Versions/A/NetworkExtension
0x00007ff8303bc000 	/System/Library/PrivateFrameworks/CoreDuetContext.framework/Versions/A/CoreDuetContext
0x00007ff819ccc000 	/System/Library/PrivateFrameworks/CoreDuet.framework/Versions/A/CoreDuet
0x00007ff912aa4000 	/System/Library/PrivateFrameworks/AssistantServices.framework/Versions/A/AssistantServices
0x00007ff82f454000 	/System/Library/PrivateFrameworks/SAObjects.framework/Versions/A/SAObjects
0x00007ff912681000 	/System/Library/PrivateFrameworks/MediaRemote.framework/Versions/A/MediaRemote
0x00007ff9250d6000 	/System/Library/PrivateFrameworks/SiriInstrumentation.framework/Versions/A/SiriInstrumentation
0x00007ffd12f07000 	/System/Library/PrivateFrameworks/SiriAnalytics.framework/Versions/A/SiriAnalytics
0x00007ffd183c3000 	/System/Library/PrivateFrameworks/SiriTTSService.framework/Versions/A/SiriTTSService
0x00007ffd1371b000 	/System/Library/PrivateFrameworks/SiriCrossDeviceArbitration.framework/Versions/A/SiriCrossDeviceArbitration
0x00007ff92291f000 	/System/Library/PrivateFrameworks/FeedbackLogger.framework/Versions/A/FeedbackLogger
0x00007ffc12ca5000 	/System/Library/PrivateFrameworks/FaceTimeNameUtility.framework/Versions/A/FaceTimeNameUtility
0x00007ffd1376a000 	/System/Library/PrivateFrameworks/SiriCrossDeviceArbitrationFeedback.framework/Versions/A/SiriCrossDeviceArbitrationFeedback
0x00007ffc1c156000 	/System/Library/PrivateFrameworks/GenerativeModels.framework/Versions/A/GenerativeModels
0x00007ffb1adb4000 	/System/Library/Frameworks/AVRouting.framework/Versions/A/AVRouting
0x00007ff91794d000 	/System/Library/PrivateFrameworks/MediaServices.framework/Versions/A/MediaServices
0x00007ff82f273000 	/System/Library/Frameworks/LocalAuthentication.framework/Versions/A/LocalAuthentication
0x00007ffc238d9000 	/System/Library/PrivateFrameworks/LocalAuthenticationCore.framework/Versions/A/LocalAuthenticationCore
0x00007ffc23a36000 	/System/Library/PrivateFrameworks/LocalAuthenticationCredentialServices.framework/Versions/A/LocalAuthenticationCredentialServices
0x00007ff82f2d6000 	/System/Library/Frameworks/LocalAuthentication.framework/Support/SharedUtils.framework/Versions/A/SharedUtils
0x00007ff826327000 	/System/Library/PrivateFrameworks/PersistentConnection.framework/Versions/A/PersistentConnection
0x00007ffd1996a000 	/System/Library/PrivateFrameworks/SonicFoundation.framework/Versions/A/SonicFoundation
0x00007ffc11708000 	/System/Library/PrivateFrameworks/Dendrite.framework/Versions/A/Dendrite
0x00007ff9270af000 	/usr/lib/libtailspin.dylib
0x00007ffa1aa8a000 	/System/Library/PrivateFrameworks/Osprey.framework/Versions/A/Osprey
0x00007ffd179cc000 	/System/Library/PrivateFrameworks/SiriTTS.framework/Versions/A/SiriTTS
0x00007ff91f1ba000 	/System/Library/Frameworks/NaturalLanguage.framework/Versions/A/NaturalLanguage
0x00007ffd16981000 	/System/Library/PrivateFrameworks/SiriPowerInstrumentation.framework/Versions/A/SiriPowerInstrumentation
0x00007ff920122000 	/System/Library/PrivateFrameworks/Trial.framework/Versions/A/Trial
0x00007ff9200a4000 	/System/Library/PrivateFrameworks/TrialProto.framework/Versions/A/TrialProto
0x00007ffd2013e000 	/System/Library/PrivateFrameworks/UnifiedAssetFramework.framework/Versions/A/UnifiedAssetFramework
0x00007ffa1ca9f000 	/usr/lib/swift/libswiftAVFoundation.dylib
0x00007ffa2c8de000 	/usr/lib/swift/libswiftNaturalLanguage.dylib
0x00007ffd1b908000 	/System/Library/PrivateFrameworks/TailspinSymbolication.framework/Versions/A/TailspinSymbolication
0x00007ffb31537000 	/System/Library/PrivateFrameworks/Darwinup.framework/Versions/A/Darwinup
0x00007ffa134bf000 	/System/Library/PrivateFrameworks/SignpostSupport.framework/Versions/A/SignpostSupport
0x00007ff91f084000 	/System/Library/PrivateFrameworks/FeatureFlagsSupport.framework/Versions/A/FeatureFlagsSupport
0x00007ffa12bb3000 	/System/Library/PrivateFrameworks/ktrace.framework/Versions/A/ktrace
0x00007ffa13712000 	/System/Library/PrivateFrameworks/SampleAnalysis.framework/Versions/A/SampleAnalysis
0x00007ffa1c25d000 	/System/Library/PrivateFrameworks/kperfdata.framework/Versions/A/kperfdata
0x00007ff82a8a7000 	/usr/lib/libdscsym.dylib
0x00007ffa1c7e2000 	/System/Library/PrivateFrameworks/BulkSymbolication.framework/Versions/A/BulkSymbolication
0x00007ff831c7e000 	/System/Library/PrivateFrameworks/Espresso.framework/Versions/A/Espresso
0x00007ff81f257000 	/System/Library/Frameworks/CoreML.framework/Versions/A/CoreML
0x00007ffb15421000 	/System/Library/PrivateFrameworks/ANECompiler.framework/Versions/A/ANECompiler
0x00007ff9118e0000 	/System/Library/PrivateFrameworks/AppleNeuralEngine.framework/Versions/A/AppleNeuralEngine
0x00007ffb1e463000 	/System/Library/Frameworks/MetalPerformanceShadersGraph.framework/Versions/A/MetalPerformanceShadersGraph
0x00007ffc24364000 	/System/Library/PrivateFrameworks/MLCompilerServices.framework/Versions/A/MLCompilerServices
0x00007ff832bfe000 	/System/Library/PrivateFrameworks/ANEServices.framework/Versions/A/ANEServices
0x00007ffc2aee2000 	/System/Library/PrivateFrameworks/ODIE.framework/Versions/A/ODIE
0x00007ffc24309000 	/System/Library/PrivateFrameworks/MLCompilerRuntime.framework/Versions/A/MLCompilerRuntime
0x00007ff8238dd000 	/System/Library/Frameworks/MLCompute.framework/Versions/A/MLCompute
0x00007ffc2428f000 	/System/Library/PrivateFrameworks/MLAssetIO.framework/Versions/A/MLAssetIO
0x00007ffd2d238000 	/usr/lib/swift/libswiftMLCompute.dylib
0x00007ff82ede6000 	/System/Library/PrivateFrameworks/AVFCore.framework/Versions/A/AVFCore
0x00007ff91607a000 	/System/Library/PrivateFrameworks/AVFCapture.framework/Versions/A/AVFCapture
0x00007ffb29fdb000 	/System/Library/PrivateFrameworks/CMImaging.framework/Versions/A/CMImaging
0x00007ff9162c7000 	/System/Library/PrivateFrameworks/Quagga.framework/Versions/A/Quagga
0x00007ff9163f6000 	/System/Library/PrivateFrameworks/CMCapture.framework/Versions/A/CMCapture
0x00007ff828a82000 	/System/Library/Frameworks/CoreMediaIO.framework/Versions/A/CoreMediaIO
0x00007ffb29f14000 	/System/Library/PrivateFrameworks/CMCaptureDevice.framework/Versions/A/CMCaptureDevice
0x00007ff82648b000 	/System/Library/PrivateFrameworks/CoreBrightness.framework/Versions/A/CoreBrightness
0x00007ffb2adc7000 	/System/Library/PrivateFrameworks/CinematicFraming.framework/Versions/A/CinematicFraming
0x00007ffd1b621000 	/System/Library/PrivateFrameworks/SystemStatus.framework/Versions/A/SystemStatus
0x00007ff91e058000 	/System/Library/Frameworks/CoreMotion.framework/Versions/A/CoreMotion
0x00007ff92e4f5000 	/System/Library/PrivateFrameworks/TimeSync.framework/Versions/A/TimeSync
0x00007ffc11f4c000 	/System/Library/PrivateFrameworks/DistributedSensing.framework/Versions/A/DistributedSensing
0x00007ff929783000 	/System/Library/PrivateFrameworks/MobileBluetooth.framework/Versions/A/MobileBluetooth
0x00007ff9300e4000 	/System/Library/PrivateFrameworks/IOKitten.framework/Versions/A/IOKitten
0x00007ff816417000 	/System/Library/PrivateFrameworks/LanguageModeling.framework/Versions/A/LanguageModeling
0x00007ff81b5c8000 	/System/Library/PrivateFrameworks/Montreal.framework/Versions/A/Montreal
0x00007ff82439d000 	/usr/lib/libcmph.dylib
0x00007ffc1c20a000 	/System/Library/PrivateFrameworks/GenerativeModelsFoundation.framework/Versions/A/GenerativeModelsFoundation
0x00007ffd1e325000 	/System/Library/PrivateFrameworks/TokenGeneration.framework/Versions/A/TokenGeneration
0x00007ffc1c04a000 	/System/Library/PrivateFrameworks/GenerativeFunctions.framework/Versions/A/GenerativeFunctions
0x00007ffc1c08a000 	/System/Library/PrivateFrameworks/GenerativeFunctionsFoundation.framework/Versions/A/GenerativeFunctionsFoundation
0x00007ffc2795c000 	/System/Library/PrivateFrameworks/ModelCatalog.framework/Versions/A/ModelCatalog
0x00007ffd124b6000 	/System/Library/PrivateFrameworks/SensitiveContentAnalysisML.framework/Versions/A/SensitiveContentAnalysisML
0x00007ffc1c104000 	/System/Library/PrivateFrameworks/GenerativeFunctionsInstrumentation.framework/Versions/A/GenerativeFunctionsInstrumentation
0x00007ffc2fc0c000 	/System/Library/PrivateFrameworks/PromptKit.framework/Versions/A/PromptKit
0x00007ffc2f766000 	/System/Library/PrivateFrameworks/ProactiveDaemonSupport.framework/Versions/A/ProactiveDaemonSupport
0x00007ffc27d4e000 	/System/Library/PrivateFrameworks/ModelManagerServices.framework/Versions/A/ModelManagerServices
0x00007ffd1e50b000 	/System/Library/PrivateFrameworks/TokenGenerationCore.framework/Versions/A/TokenGenerationCore
0x00007ffb27409000 	/System/Library/PrivateFrameworks/AppleIntelligenceReporting.framework/Versions/A/AppleIntelligenceReporting
0x00007ffb270f5000 	/System/Library/PrivateFrameworks/AppleFlatBuffers.framework/Versions/A/AppleFlatBuffers
0x00007ffd126a1000 	/System/Library/PrivateFrameworks/SentencePieceInternal.framework/Versions/A/SentencePieceInternal
0x00007ff82d0ea000 	/System/Library/Frameworks/Vision.framework/Versions/A/Vision
0x00007ffb30f65000 	/System/Library/PrivateFrameworks/CoreSceneUnderstanding.framework/Versions/A/CoreSceneUnderstanding
0x00007ffd229a9000 	/System/Library/PrivateFrameworks/VisionCore.framework/Versions/A/VisionCore
0x00007ff9284df000 	/System/Library/Frameworks/Vision.framework/libfaceCore.dylib
0x00007ff929203000 	/System/Library/PrivateFrameworks/Futhark.framework/Versions/A/Futhark
0x00007ff92d39c000 	/System/Library/PrivateFrameworks/InertiaCam.framework/Versions/A/InertiaCam
0x00007ff928f68000 	/System/Library/PrivateFrameworks/TextRecognition.framework/Versions/A/TextRecognition
0x00007ff825ef8000 	/System/Library/PrivateFrameworks/CVNLP.framework/Versions/A/CVNLP
0x00007ff81ed0e000 	/System/Library/PrivateFrameworks/ApplePushService.framework/Versions/A/ApplePushService
0x00007ff81ed75000 	/System/Library/Frameworks/CloudKit.framework/Versions/A/CloudKit
0x00007ff832db1000 	/System/Library/PrivateFrameworks/CoreDuetDaemonProtocol.framework/Versions/A/CoreDuetDaemonProtocol
0x00007ffa15d3a000 	/System/Library/PrivateFrameworks/DeviceIdentity.framework/Versions/A/DeviceIdentity
0x00007ffb2115d000 	/System/Library/Frameworks/SharedWithYouCore.framework/Versions/A/SharedWithYouCore
0x00007ffb2b54f000 	/System/Library/PrivateFrameworks/CloudTelemetry.framework/Versions/A/CloudTelemetry
0x00007ff8316f0000 	/System/Library/PrivateFrameworks/AppleAccount.framework/Versions/A/AppleAccount
0x00007ff831bde000 	/System/Library/PrivateFrameworks/C2.framework/Versions/A/C2
0x00007ffb2b203000 	/System/Library/PrivateFrameworks/CloudCoreInternal.framework/Versions/A/CloudCoreInternal
0x00007ffb2b009000 	/System/Library/PrivateFrameworks/CloudAsset.framework/Versions/A/CloudAsset
0x00007ff831bd6000 	/System/Library/Frameworks/PushKit.framework/Versions/A/PushKit
0x00007ffb2b56b000 	/System/Library/PrivateFrameworks/CloudTelemetryTools.framework/Versions/A/CloudTelemetryTools
0x00007ff833c49000 	/System/Library/PrivateFrameworks/RTCReporting.framework/Versions/A/RTCReporting
0x00007ffb23921000 	/System/Library/PrivateFrameworks/AAAFoundationSwift.framework/Versions/A/AAAFoundationSwift
0x00007ff8318db000 	/System/Library/PrivateFrameworks/AppleIDSSOAuthentication.framework/Versions/A/AppleIDSSOAuthentication
0x00007ff9245c5000 	/System/Library/PrivateFrameworks/CaptiveNetwork.framework/Versions/A/CaptiveNetwork
0x00007ff831187000 	/System/Library/PrivateFrameworks/EAP8021X.framework/Versions/A/EAP8021X
0x00007ffb3133a000 	/System/Library/PrivateFrameworks/CryptoKitPrivate.framework/Versions/A/CryptoKitPrivate
0x00007ff91e683000 	/System/Library/PrivateFrameworks/FindMyDevice.framework/Versions/A/FindMyDevice
0x00007ff9131da000 	/System/Library/PrivateFrameworks/FMCoreLite.framework/Versions/A/FMCoreLite
0x00007ff8234b3000 	/System/Library/Frameworks/ServiceManagement.framework/Versions/A/ServiceManagement
0x00007ffa136dc000 	/System/Library/PrivateFrameworks/UIKitServices.framework/Versions/A/UIKitServices
0x00000001800dc000 	/System/Library/Extensions/AGXMetalG16G_B0.bundle/Contents/MacOS/AGXMetalG16G_B0
0x00007ff9177ed000 	/System/Library/PrivateFrameworks/IOGPU.framework/Versions/A/IOGPU
0x000000017ed1b000 	/Users/bartholemieuxdoxy/.p2/pool/plugins/org.eclipse.justj.openjdk.hotspot.jre.full.macosx.x86_64_21.0.9.v20251105-0741/jre/lib/libosxui.dylib
0x000000017f10e000 	/Users/bartholemieuxdoxy/.p2/pool/plugins/org.eclipse.justj.openjdk.hotspot.jre.full.macosx.x86_64_21.0.9.v20251105-0741/jre/lib/libjsound.dylib
0x000000018408c000 	/System/Library/Components/CoreAudio.component/Contents/MacOS/CoreAudio
0x00007ffd1c03e000 	/System/Library/PrivateFrameworks/TextInputUI.framework/Versions/A/TextInputUI
0x00007ffd1c06f000 	/System/Library/PrivateFrameworks/TextInputUIMacHelper.framework/Versions/A/TextInputUIMacHelper
0x00007ff9292f4000 	/System/Library/PrivateFrameworks/SafariPlatformSupport.framework/Versions/A/SafariPlatformSupport
0x00007ffd19f6f000 	/System/Library/PrivateFrameworks/SpotlightKnowledge.framework/Versions/A/SpotlightKnowledge
0x00007ffc123ba000 	/System/Library/PrivateFrameworks/DocumentUnderstandingClient.framework/Versions/A/DocumentUnderstandingClient
0x00007ffd19f56000 	/System/Library/PrivateFrameworks/SpotlightEmbedding.framework/Versions/A/SpotlightEmbedding
0x00007ff819c6d000 	/System/Library/PrivateFrameworks/SpotlightLinguistics.framework/Versions/A/SpotlightLinguistics
0x00007ffd1a130000 	/System/Library/PrivateFrameworks/SpotlightResources.framework/Versions/A/SpotlightResources
0x00007ff833134000 	/System/Library/PrivateFrameworks/SpotlightIndex.framework/Versions/A/SpotlightIndex
0x00007ff92458a000 	/System/Library/PrivateFrameworks/DataDeliveryServices.framework/Versions/A/DataDeliveryServices
0x00007ffb2ae05000 	/System/Library/PrivateFrameworks/CipherML.framework/Versions/A/CipherML
0x00007ffc2cf2f000 	/System/Library/PrivateFrameworks/PegasusKit.framework/Versions/A/PegasusKit
0x00007ffd1ada9000 	/System/Library/PrivateFrameworks/SwiftSQLite.framework/Versions/A/SwiftSQLite

JVMTI agents: none


VM Arguments:
jvm_args: -Dfile.encoding=UTF-8 -Dstdout.encoding=UTF-8 -Dstderr.encoding=UTF-8 --module-path=/Users/bartholemieuxdoxy/Documents/GitHub/tictactoe/db/bin -XX:+ShowCodeDetailsInExceptionMessages -Djdk.module.main=db 
java_command: db/db.TicTacToeGUI
java_class_path (initial): <not set>
Launcher Type: SUN_STANDARD

[Global flags]
     intx CICompilerCount                          = 4                                         {product} {ergonomic}
     uint ConcGCThreads                            = 2                                         {product} {ergonomic}
     uint G1ConcRefinementThreads                  = 9                                         {product} {ergonomic}
   size_t G1HeapRegionSize                         = 2097152                                   {product} {ergonomic}
    uintx GCDrainStackTargetSize                   = 64                                        {product} {ergonomic}
   size_t InitialHeapSize                          = 268435456                                 {product} {ergonomic}
   size_t MarkStackSize                            = 4194304                                   {product} {ergonomic}
   size_t MaxHeapSize                              = 4294967296                                {product} {ergonomic}
   size_t MaxNewSize                               = 2575302656                                {product} {ergonomic}
   size_t MinHeapDeltaBytes                        = 2097152                                   {product} {ergonomic}
   size_t MinHeapSize                              = 8388608                                   {product} {ergonomic}
    uintx NonNMethodCodeHeapSize                   = 5839372                                {pd product} {ergonomic}
    uintx NonProfiledCodeHeapSize                  = 122909434                              {pd product} {ergonomic}
    uintx ProfiledCodeHeapSize                     = 122909434                              {pd product} {ergonomic}
    uintx ReservedCodeCacheSize                    = 251658240                              {pd product} {ergonomic}
     bool SegmentedCodeCache                       = true                                      {product} {ergonomic}
     bool ShowCodeDetailsInExceptionMessages       = true                                   {manageable} {command line}
   size_t SoftMaxHeapSize                          = 4294967296                             {manageable} {ergonomic}
     bool UseCompressedOops                        = true                           {product lp64_product} {ergonomic}
     bool UseG1GC                                  = true                                      {product} {ergonomic}
     bool UseNUMA                                  = false                                     {product} {ergonomic}
     bool UseNUMAInterleaving                      = false                                     {product} {ergonomic}

Logging:
Log output configuration:
 #0: stdout all=warning uptime,level,tags foldmultilines=false
 #1: stderr all=off uptime,level,tags foldmultilines=false

Release file:
JAVA_VERSION="21.0.9"
MODULES="java.base java.compiler java.datatransfer java.xml java.prefs java.desktop java.instrument java.logging java.management java.security.sasl java.naming java.rmi java.management.rmi java.net.http java.scripting java.security.jgss java.transaction.xa java.sql java.sql.rowset java.xml.crypto java.se java.smartcardio jdk.accessibility jdk.internal.jvmstat jdk.attach jdk.charsets jdk.internal.opt jdk.zipfs jdk.compiler jdk.crypto.ec jdk.crypto.cryptoki jdk.dynalink jdk.internal.ed jdk.editpad jdk.hotspot.agent jdk.httpserver jdk.internal.le jdk.internal.vm.ci jdk.internal.vm.compiler jdk.internal.vm.compiler.management jdk.jartool jdk.javadoc jdk.jcmd jdk.management jdk.management.agent jdk.jconsole jdk.jdeps jdk.jdwp.agent jdk.jdi jdk.jfr jdk.jshell jdk.jsobject jdk.jstatd jdk.localedata jdk.management.jfr jdk.naming.dns jdk.naming.rmi jdk.net jdk.nio.mapmode jdk.random jdk.sctp jdk.security.auth jdk.security.jgss jdk.unsupported jdk.unsupported.desktop jdk.xml.dom"

Environment Variables:
PATH=/usr/bin:/bin:/usr/sbin:/sbin
SHELL=/bin/zsh
TMPDIR=/var/folders/f8/jn7dw5751mg3tw9cdqn8hfs80000gn/T/

Active Locale:
LC_ALL=C
LC_COLLATE=C
LC_CTYPE=C
LC_MESSAGES=C
LC_MONETARY=C
LC_NUMERIC=C
LC_TIME=C

Signal Handlers:
   SIGSEGV: crash_handler in libjvm.dylib, mask=11100110100111111111111111111111, flags=SA_ONSTACK|SA_RESTART|SA_SIGINFO, unblocked
    SIGBUS: crash_handler in libjvm.dylib, mask=11100110100111111111111111111111, flags=SA_RESTART|SA_SIGINFO, unblocked
    SIGFPE: crash_handler in libjvm.dylib, mask=11100110100111111111111111111111, flags=SA_RESTART|SA_SIGINFO, unblocked
   SIGPIPE: javaSignalHandler in libjvm.dylib, mask=11100110100111111111111111111111, flags=SA_RESTART|SA_SIGINFO, blocked
   SIGXFSZ: javaSignalHandler in libjvm.dylib, mask=11100110100111111111111111111111, flags=SA_RESTART|SA_SIGINFO, blocked
    SIGILL: crash_handler in libjvm.dylib, mask=11100110100111111111111111111111, flags=SA_RESTART|SA_SIGINFO, unblocked
   SIGUSR2: SR_handler in libjvm.dylib, mask=00000000000000000000000000000000, flags=SA_RESTART|SA_SIGINFO, blocked
    SIGHUP: UserHandler in libjvm.dylib, mask=11100110100111111111111111111111, flags=SA_RESTART|SA_SIGINFO, blocked
    SIGINT: UserHandler in libjvm.dylib, mask=11100110100111111111111111111111, flags=SA_RESTART|SA_SIGINFO, blocked
   SIGTERM: UserHandler in libjvm.dylib, mask=11100110100111111111111111111111, flags=SA_RESTART|SA_SIGINFO, blocked
   SIGQUIT: UserHandler in libjvm.dylib, mask=11100110100111111111111111111111, flags=SA_RESTART|SA_SIGINFO, blocked
   SIGTRAP: crash_handler in libjvm.dylib, mask=11100110100111111111111111111111, flags=SA_RESTART|SA_SIGINFO, unblocked


Periodic native trim disabled

---------------  S Y S T E M  ---------------

OS:
uname: Darwin 25.2.0 Darwin Kernel Version 25.2.0: Tue Nov 18 21:08:48 PST 2025; root:xnu-12377.61.12~1/RELEASE_ARM64_T8132 x86_64
OS uptime: 38 days 11:35 hours
rlimit (soft/hard): STACK 8176k/65520k , CORE 0k/infinity , NPROC 2666/4000 , NOFILE 1048576/infinity , AS infinity/infinity , CPU infinity/infinity , DATA infinity/infinity , FSIZE infinity/infinity , MEMLOCK infinity/infinity , RSS infinity/infinity
load average: 3.59 4.44 4.08

CPU: (EMULATED) total 10 (initial active 10) (1 cores per cpu, 1 threads per core) family 6 model 44 stepping 0 microcode 0x0, cx8, cmov, fxsr, mmx, sse, sse2, sse3, ssse3, sse4.1, sse4.2, popcnt, tsc, tscinvbit, aes, clmul, clflush, rdtscp
machdep.cpu.brand_string:Apple M4
hw.cpufrequency:2400000000
hw.cpufrequency_min:2400000000
hw.cpufrequency_max:2400000000
hw.cachelinesize:64
hw.l1icachesize:131072
hw.l1dcachesize:65536
hw.l2cachesize:4194304

Memory: 4k page, physical 16777216k(24308k free), swap 2097152k(1673152k free)

vm_info: OpenJDK 64-Bit Server VM (21.0.9+10-LTS) for bsd-amd64 JRE (21.0.9+10-LTS), built on 2025-10-21T00:00:00Z by "admin" with clang Apple LLVM 15.0.0 (clang-1500.1.0.2.5)

END.
